# This file uses centimeters as units for non-parametric coordinates.

mtllib Furniture_Office-Desks-Tables_Lavoro-Design_Advance-1200-x-700mm-Dual-Motor-Desk.mtl


g default

# VertexData Begin
# Vertices (Number of Vertices = 1248)
v -600 -350 950
v -600 -350 975
v -600 350 950
v -600 350 975
v -575 -270 930
v -575 -270 947
v -575 -90 947
v -575 -44.99446 900
v -575 44.99446 900
v -575 90 947
v -575 270 930
v -575 270 947
v -574.9424 0 947.5853
v -574.8531 -270 947.9271
v -574.8531 270 947.9271
v -574.4944 0 948.6667
v -574.4271 -270 948.7634
v -574.4271 270 948.7634
v -573.7634 -270 949.4271
v -573.7634 270 949.4271
v -573.6667 0 949.4944
v -573.5 -345 25
v -573.5 -345 29
v -573.5 345 25
v -573.5 345 29
v -572.9271 -270 949.8531
v -572.9271 270 949.8531
v -572.5853 0 949.9424
v -572 -270 930
v -572 -270 947
v -572 -270 950
v -572 -90 950
v -572 -44.99446 900
v -572 -42 402
v -572 -42 583.6667
v -572 -42 765.3333
v -572 -42 947
v -572 42 402
v -572 42 583.6667
v -572 42 765.3333
v -572 42 947
v -572 44.99446 900
v -572 90 950
v -572 270 930
v -572 270 947
v -572 270 950
v -571.9424 -42.58527 674.5
v -571.9424 42.58527 674.5
v -571.8531 -42.92705 402
v -571.8531 -42.92705 947
v -571.8531 42.92705 402
v -571.8531 42.92705 947
v -571.4944 -43.66671 674.5
v -571.4944 43.66671 674.5
v -571.4271 -43.76336 402
v -571.4271 -43.76336 947
v -571.4271 43.76336 402
v -571.4271 43.76336 947
v -570.7634 -44.42705 402
v -570.7634 -44.42705 947
v -570.7634 44.42705 402
v -570.7634 44.42705 947
v -570.6667 -44.49441 674.5
v -570.6667 44.49441 674.5
v -569.9271 -44.85317 402
v -569.9271 -44.85317 947
v -569.9271 44.85317 402
v -569.9271 44.85317 947
v -569.5853 -44.94236 674.5
v -569.5853 44.94236 674.5
v -569 -45 402
v -569 -45 583.6667
v -569 -45 765.3333
v -569 -45 947
v -569 45 402
v -569 45 583.6667
v -569 45 765.3333
v -569 45 947
v -568.5 -38.5 215
v -568.5 -38.5 277.3333
v -568.5 -38.5 339.6667
v -568.5 -38.5 402
v -568.5 38.5 215
v -568.5 38.5 277.3333
v -568.5 38.5 339.6667
v -568.5 38.5 402
v -568.4424 -39.08527 308.5
v -568.4424 39.08527 308.5
v -568.3531 -39.42705 215
v -568.3531 -39.42705 402
v -568.3531 39.42705 215
v -568.3531 39.42705 402
v -567.9944 -40.16671 308.5
v -567.9944 40.16671 308.5
v -567.9271 -40.26336 215
v -567.9271 -40.26336 402
v -567.9271 40.26336 215
v -567.9271 40.26336 402
v -567.2634 -40.92705 215
v -567.2634 -40.92705 402
v -567.2634 40.92705 215
v -567.2634 40.92705 402
v -567.1667 -40.99441 308.5
v -567.1667 40.99441 308.5
v -567 -315 12.6
v -567 -315 25
v -567 -105 12.6
v -567 105 12.6
v -567 315 12.6
v -567 315 25
v -566.9308 -5.684342e-14 11.89767
v -566.8238 -315 11.48754
v -566.8238 315 11.48754
v -566.4271 -41.35317 215
v -566.4271 -41.35317 402
v -566.4271 41.35317 215
v -566.4271 41.35317 402
v -566.3933 -5.684342e-14 10.59995
v -566.3124 -315 10.48397
v -566.3124 315 10.48397
v -566.0853 -41.44236 308.5
v -566.0853 41.44236 308.5
v -565.5161 -315 9.687539
v -565.5161 315 9.687539
v -565.5 -41.5 215
v -565.5 -41.5 277.3333
v -565.5 -41.5 339.6667
v -565.5 -41.5 402
v -565.5 41.5 215
v -565.5 41.5 277.3333
v -565.5 41.5 339.6667
v -565.5 41.5 402
v -565.4 -5.684342e-14 9.606709
v -565 -35 29
v -565 -35 91
v -565 -35 153
v -565 -35 215
v -565 35 29
v -565 35 91
v -565 35 153
v -565 35 215
v -564.9424 -35.58527 122
v -564.9424 35.58527 122
v -564.8531 -35.92705 29
v -564.8531 -35.92705 215
v -564.8531 35.92705 29
v -564.8531 35.92705 215
v -564.5125 -315 9.176196
v -564.5125 315 9.176196
v -564.4944 -36.66671 122
v -564.4944 36.66671 122
v -564.4271 -36.76336 29
v -564.4271 -36.76336 215
v -564.4271 36.76336 29
v -564.4271 36.76336 215
v -564.1023 -5.684342e-14 9.069173
v -563.7634 -37.42705 29
v -563.7634 -37.42705 215
v -563.7634 37.42705 29
v -563.7634 37.42705 215
v -563.6667 -37.49441 122
v -563.6667 37.49441 122
v -563.4 -315 9
v -563.4 -105 9
v -563.4 105 9
v -563.4 315 9
v -562.9271 -37.85317 29
v -562.9271 -37.85317 215
v -562.9271 37.85317 29
v -562.9271 37.85317 215
v -562.5853 -37.94236 122
v -562.5853 37.94236 122
v -562 -38 29
v -562 -38 91
v -562 -38 153
v -562 -38 215
v -562 38 29
v -562 38 91
v -562 38 153
v -562 38 215
v -560 -270 0
v -560 -270 4.5
v -560 -270 9
v -560 270 0
v -560 270 4.5
v -560 270 9
v -559.7545 -272.9627 0
v -559.7545 -272.9627 9
v -559.7545 -267.0373 0
v -559.7545 -267.0373 9
v -559.7545 267.0373 0
v -559.7545 267.0373 9
v -559.7545 272.9627 0
v -559.7545 272.9627 9
v -559.0247 -275.8446 0
v -559.0247 -275.8446 9
v -559.0247 -264.1554 0
v -559.0247 -264.1554 9
v -559.0247 264.1554 0
v -559.0247 264.1554 9
v -559.0247 275.8446 0
v -559.0247 275.8446 9
v -557.8305 -278.567 0
v -557.8305 -278.567 9
v -557.8305 -261.433 0
v -557.8305 -261.433 9
v -557.8305 261.433 0
v -557.8305 261.433 9
v -557.8305 278.567 0
v -557.8305 278.567 9
v -556.2045 -281.0558 0
v -556.2045 -281.0558 9
v -556.2045 -258.9442 0
v -556.2045 -258.9442 9
v -556.2045 258.9442 0
v -556.2045 258.9442 9
v -556.2045 281.0558 0
v -556.2045 281.0558 9
v -554.191 -283.243 0
v -554.191 -283.243 9
v -554.191 -256.757 0
v -554.191 -256.757 9
v -554.191 256.757 0
v -554.191 256.757 9
v -554.191 283.243 0
v -554.191 283.243 9
v -551.8451 -285.069 0
v -551.8451 -285.069 9
v -551.8451 -254.931 0
v -551.8451 -254.931 9
v -551.8451 254.931 0
v -551.8451 254.931 9
v -551.8451 285.069 0
v -551.8451 285.069 9
v -549.2305 -286.4839 0
v -549.2305 -286.4839 9
v -549.2305 -253.5161 0
v -549.2305 -253.5161 9
v -549.2305 253.5161 0
v -549.2305 253.5161 9
v -549.2305 286.4839 0
v -549.2305 286.4839 9
v -546.4188 -287.4492 0
v -546.4188 -287.4492 9
v -546.4188 -252.5508 0
v -546.4188 -252.5508 9
v -546.4188 252.5508 0
v -546.4188 252.5508 9
v -546.4188 287.4492 0
v -546.4188 287.4492 9
v -545 -270 947
v -545 -270 950
v -545 270 947
v -545 270 950
v -543.4865 -287.9385 0
v -543.4865 -287.9385 9
v -543.4865 -252.0615 0
v -543.4865 -252.0615 9
v -543.4865 252.0615 0
v -543.4865 252.0615 9
v -543.4865 287.9385 0
v -543.4865 287.9385 9
v -542 -46 947
v -542 -46 950
v -542 -33 915.5
v -542 -33 947
v -542 33 915.5
v -542 33 947
v -542 46 947
v -542 46 950
v -540.5135 -287.9385 0
v -540.5135 -287.9385 9
v -540.5135 -252.0615 0
v -540.5135 -252.0615 9
v -540.5135 252.0615 0
v -540.5135 252.0615 9
v -540.5135 287.9385 0
v -540.5135 287.9385 9
v -537.5812 -287.4492 0
v -537.5812 -287.4492 9
v -537.5812 -252.5508 0
v -537.5812 -252.5508 9
v -537.5812 252.5508 0
v -537.5812 252.5508 9
v -537.5812 287.4492 0
v -537.5812 287.4492 9
v -534.7695 -286.4839 0
v -534.7695 -286.4839 9
v -534.7695 -253.5161 0
v -534.7695 -253.5161 9
v -534.7695 253.5161 0
v -534.7695 253.5161 9
v -534.7695 286.4839 0
v -534.7695 286.4839 9
v -532.1549 -285.069 0
v -532.1549 -285.069 9
v -532.1549 -254.931 0
v -532.1549 -254.931 9
v -532.1549 254.931 0
v -532.1549 254.931 9
v -532.1549 285.069 0
v -532.1549 285.069 9
v -529.809 -283.243 0
v -529.809 -283.243 9
v -529.809 -256.757 0
v -529.809 -256.757 9
v -529.809 256.757 0
v -529.809 256.757 9
v -529.809 283.243 0
v -529.809 283.243 9
v -527.7955 -281.0558 0
v -527.7955 -281.0558 9
v -527.7955 -258.9442 0
v -527.7955 -258.9442 9
v -527.7955 258.9442 0
v -527.7955 258.9442 9
v -527.7955 281.0558 0
v -527.7955 281.0558 9
v -526.1695 -278.567 0
v -526.1695 -278.567 9
v -526.1695 -261.433 0
v -526.1695 -261.433 9
v -526.1695 261.433 0
v -526.1695 261.433 9
v -526.1695 278.567 0
v -526.1695 278.567 9
v -524.9753 -275.8446 0
v -524.9753 -275.8446 9
v -524.9753 -264.1554 0
v -524.9753 -264.1554 9
v -524.9753 264.1554 0
v -524.9753 264.1554 9
v -524.9753 275.8446 0
v -524.9753 275.8446 9
v -524.2455 -272.9627 0
v -524.2455 -272.9627 9
v -524.2455 -267.0373 0
v -524.2455 -267.0373 9
v -524.2455 267.0373 0
v -524.2455 267.0373 9
v -524.2455 272.9627 0
v -524.2455 272.9627 9
v -524 -270 0
v -524 -270 4.5
v -524 -270 9
v -524 270 0
v -524 270 4.5
v -524 270 9
v -522 -38 29
v -522 -38 91
v -522 -38 153
v -522 -38 215
v -522 38 29
v -522 38 91
v -522 38 153
v -522 38 215
v -521.4147 -37.94236 122
v -521.4147 37.94236 122
v -521.0729 -37.85317 29
v -521.0729 -37.85317 215
v -521.0729 37.85317 29
v -521.0729 37.85317 215
v -520.6 -315 9
v -520.6 -105 9
v -520.6 105 9
v -520.6 315 9
v -520.3333 -37.49441 122
v -520.3333 37.49441 122
v -520.2366 -37.42705 29
v -520.2366 -37.42705 215
v -520.2366 37.42705 29
v -520.2366 37.42705 215
v -519.8977 0 9.069173
v -519.5729 -36.76336 29
v -519.5729 -36.76336 215
v -519.5729 36.76336 29
v -519.5729 36.76336 215
v -519.5056 36.66671 122
v -519.4875 -315 9.176196
v -519.4875 315 9.176196
v -519.2283 -36.14805 122
v -519.1469 -35.92705 29
v -519.1469 -35.92705 215
v -519.1469 35.92705 29
v -519.1469 35.92705 215
v -519.0576 35.58527 122
v -519 -35 29
v -519 -35 91
v -519 -35 153
v -519 -35 215
v -519 35 29
v -519 35 91
v -519 35 153
v -519 35 215
v -518.6 0 9.606709
v -518.5 -41.5 215
v -518.5 -41.5 277.3333
v -518.5 -41.5 339.6667
v -518.5 -41.5 402
v -518.5 41.5 215
v -518.5 41.5 277.3333
v -518.5 41.5 339.6667
v -518.5 41.5 402
v -518.4839 -315 9.687539
v -518.4839 315 9.687539
v -517.9147 -41.44236 308.5
v -517.9147 41.44236 308.5
v -517.6876 -315 10.48397
v -517.6876 315 10.48397
v -517.6067 0 10.59995
v -517.5729 -41.35317 215
v -517.5729 -41.35317 402
v -517.5729 41.35317 215
v -517.5729 41.35317 402
v -517.1762 -315 11.48754
v -517.1762 315 11.48754
v -517.0692 0 11.89767
v -517 -315 12.6
v -517 -315 25
v -517 -105 12.6
v -517 105 12.6
v -517 315 12.6
v -517 315 25
v -516.8333 -40.99441 308.5
v -516.8333 40.99441 308.5
v -516.7366 -40.92705 215
v -516.7366 -40.92705 402
v -516.7366 40.92705 215
v -516.7366 40.92705 402
v -516.0729 -40.26336 215
v -516.0729 -40.26336 402
v -516.0729 40.26336 215
v -516.0729 40.26336 402
v -516.0056 -40.16671 308.5
v -516.0056 40.16671 308.5
v -515.6469 -39.42705 215
v -515.6469 -39.42705 402
v -515.6469 39.42705 215
v -515.6469 39.42705 402
v -515.5576 -39.08527 308.5
v -515.5576 39.08527 308.5
v -515.5 -38.5 215
v -515.5 -38.5 277.3333
v -515.5 -38.5 339.6667
v -515.5 -38.5 402
v -515.5 38.5 215
v -515.5 38.5 277.3333
v -515.5 38.5 339.6667
v -515.5 38.5 402
v -515 -45 402
v -515 -45 583.6667
v -515 -45 765.3333
v -515 -45 947
v -515 45 402
v -515 45 583.6667
v -515 45 765.3333
v -515 45 947
v -514.4147 -44.94236 674.5
v -514.4147 44.94236 674.5
v -514.0729 -44.85317 402
v -514.0729 -44.85317 947
v -514.0729 44.85317 402
v -514.0729 44.85317 947
v -513.3333 -44.49441 674.5
v -513.3333 44.49441 674.5
v -513.2366 -44.42705 402
v -513.2366 -44.42705 947
v -513.2366 44.42705 402
v -513.2366 44.42705 947
v -512.5729 -43.76336 402
v -512.5729 -43.76336 947
v -512.5729 43.76336 402
v -512.5729 43.76336 947
v -512.5056 -43.66671 674.5
v -512.5056 43.66671 674.5
v -512.1469 -42.92705 402
v -512.1469 -42.92705 947
v -512.1469 42.92705 402
v -512.1469 42.92705 947
v -512.0576 -42.58527 674.5
v -512.0576 42.58527 674.5
v -512 -42 402
v -512 -42 583.6667
v -512 -42 765.3333
v -512 -42 947
v -512 -33 906
v -512 -33 908
v -512 -32.85317 905.0729
v -512 -32.42705 904.2366
v -512 -31.76336 903.5729
v -512 -30.92705 903.1469
v -512 -30 903
v -512 30 903
v -512 30.92705 903.1469
v -512 31.76336 903.5729
v -512 32.42705 904.2366
v -512 32.85317 905.0729
v -512 33 906
v -512 33 908
v -512 42 402
v -512 42 583.6667
v -512 42 765.3333
v -512 42 947
v -510.5 -345 25
v -510.5 -345 29
v -510.5 345 25
v -510.5 345 29
v -400 -371.4645 928.5355
v -400 -367.9289 925
v -400 -364.3934 921.4645
v -400 -350 950
v -400 -345.8578 940
v -400 -300 940
v -400 -300 950
v -399.9165 -372.1078 927.8922
v -399.9165 -368.5723 924.3567
v -399.9165 -365.0367 920.8211
v -399.649 -372.7659 927.2341
v -399.649 -369.2303 923.6986
v -399.649 -365.6948 920.163
v -399.185 -373.3991 926.6008
v -399.185 -369.8636 923.0653
v -399.185 -366.3281 919.5298
v -398.5355 -373.9645 926.0355
v -398.5355 -370.4289 922.5
v -398.5355 -366.8934 918.9645
v -397.7361 -374.4237 925.5763
v -397.7361 -370.8882 922.0408
v -397.7361 -367.3526 918.5052
v -396.8405 -374.7518 925.2482
v -396.8405 -371.2162 921.7127
v -396.8405 -367.6807 918.1772
v -395.9098 -374.941 925.059
v -395.9098 -367.8699 917.988
v -395 -375 925
v -395 -371.4645 921.4645
v -395 -367.9289 917.929
v -393.5 -368.5858 931.4142
v -393.5 -366.5858 929.4142
v -393.5 -364.5858 927.4142
v -393.5 -354 946
v -393.5 -350 942
v -393.2766 -369.2353 930.7646
v -393.174 -367.3596 928.6403
v -393.0527 -369.4772 930.5228
v -393.0527 -365.4772 926.5228
v -392.9142 -366.8358 927.6642
v -392.7606 -369.6837 930.3163
v -392.5944 -367.7695 928.2305
v -392.4186 -369.842 930.158
v -392.4186 -365.842 926.158
v -391.5 -370 930
v -391.5 -368 928
v -391.5 -366 926
v -383.7809 -364.7289 935.9783
v -383.7809 -363.3146 934.564
v -383 -365.3535 935.3536
v -383 -363.9393 933.9393
v -379 -360.3535 940.3536
v -379 -358.9393 938.9393
v -379 -358.7528 941.9543
v -379 -357.3386 940.5401
v -375 -365.3535 935.3536
v -375 -363.9393 933.9393
v -374.2191 -364.7289 935.9783
v -374.2191 -363.3146 934.564
v -362.5 -370 930
v -362.5 -366 926
v -362.5 -354 946
v -362.5 -350 942
v -350.7809 -359.3775 941.3297
v -350.7809 -357.9633 939.9154
v -350 -358.7528 941.9543
v -350 -357.3386 940.5401
v -346 -365.3535 935.3536
v -346 -363.9393 933.9393
v -346 -363.7528 936.9543
v -346 -362.3386 935.5401
v -342.1667 -33 906
v -342.1667 -30 903
v -342.1667 30 903
v -342.1667 33 906
v -342 -358.7528 941.9543
v -342 -357.3386 940.5401
v -341.2191 -359.3775 941.3297
v -341.2191 -357.9633 939.9154
v -333.5 -370 930
v -333.5 -368 928
v -333.5 -366 926
v -332.5814 -369.842 930.158
v -332.4056 -367.7695 928.2305
v -332.2394 -369.6837 930.3163
v -332.2394 -368.4337 929.0663
v -332.2394 -365.6837 926.3163
v -331.9473 -369.4772 930.5228
v -331.826 -367.3596 928.6403
v -331.7234 -369.2353 930.7646
v -331.7234 -365.2353 926.7646
v -331.5 -368.5858 931.4142
v -331.5 -366.5858 929.4142
v -331.5 -364.5858 927.4142
v -331.5 -354 946
v -331.5 -350 942
v -330 -375 925
v -330 -371.4645 921.4645
v -330 -367.9289 917.929
v -329.0902 -374.941 925.059
v -329.0902 -367.8699 917.988
v -328.1595 -374.7518 925.2482
v -328.1595 -371.2162 921.7127
v -328.1595 -367.6807 918.1772
v -327.2639 -374.4237 925.5763
v -327.2639 -370.8882 922.0408
v -327.2639 -367.3526 918.5052
v -326.4645 -373.9645 926.0355
v -326.4645 -370.4289 922.5
v -326.4645 -366.8934 918.9645
v -325.815 -373.3991 926.6008
v -325.815 -369.8636 923.0653
v -325.815 -366.3281 919.5298
v -325.351 -372.7659 927.2341
v -325.351 -369.2303 923.6986
v -325.351 -365.6948 920.163
v -325.0835 -372.1078 927.8922
v -325.0835 -368.5723 924.3567
v -325.0835 -365.0367 920.8211
v -325 -371.4645 928.5355
v -325 -367.9289 925
v -325 -364.3934 921.4645
v -325 -350 950
v -325 -345.8578 940
v -325 -300 940
v -325 -300 950
v -257.25 -32.94236 905.4147
v -257.25 -32.49441 904.3333
v -257.25 -31.66671 903.5056
v -257.25 -30.58527 903.0576
v -257.25 30.58527 903.0576
v -257.25 31.66671 903.5056
v -257.25 32.49441 904.3333
v -257.25 32.94236 905.4147
v -172.3333 -33 906
v -172.3333 -30 903
v -172.3333 30 903
v -172.3333 33 906
v -2.5 -46 947
v -2.5 -46 950
v -2.5 -33 906
v -2.5 -33 947
v -2.5 -32.85317 905.0729
v -2.5 -32.42705 904.2366
v -2.5 -31.76336 903.5729
v -2.5 -30.92705 903.1469
v -2.5 -30 903
v -2.5 -30 909
v -2.5 -30 950
v -2.5 -29.85317 908.0729
v -2.5 -29.42705 907.2366
v -2.5 -28.76336 906.5729
v -2.5 -27.92705 906.1469
v -2.5 -27 906
v -2.5 27 906
v -2.5 27.92705 906.1469
v -2.5 28.76336 906.5729
v -2.5 29.42705 907.2366
v -2.5 29.85317 908.0729
v -2.5 30 903
v -2.5 30 909
v -2.5 30 950
v -2.5 30.92705 903.1469
v -2.5 31.76336 903.5729
v -2.5 32.42705 904.2366
v -2.5 32.85317 905.0729
v -2.5 33 906
v -2.5 33 947
v -2.5 46 947
v -2.5 46 950
v -0.8333333 -30 909
v -0.8333333 -27 906
v -0.8333333 27 906
v -0.8333333 30 909
v -1.350031e-13 -29.94236 908.4147
v -1.350031e-13 -29.49441 907.3333
v -1.350031e-13 -28.66671 906.5056
v -1.350031e-13 -27.58527 906.0576
v -1.350031e-13 27.58527 906.0576
v -1.350031e-13 28.66671 906.5056
v -1.350031e-13 29.49441 907.3333
v -1.350031e-13 29.94236 908.4147
v 0.8333333 -30 909
v 0.8333333 -27 906
v 0.8333333 27 906
v 0.8333333 30 909
v 2.5 -46 947
v 2.5 -46 950
v 2.5 -33 906
v 2.5 -33 947
v 2.5 -32.85317 905.0729
v 2.5 -32.42705 904.2366
v 2.5 -31.76336 903.5729
v 2.5 -30.92705 903.1469
v 2.5 -30 903
v 2.5 -30 909
v 2.5 -30 950
v 2.5 -29.85317 908.0729
v 2.5 -29.42705 907.2366
v 2.5 -28.76336 906.5729
v 2.5 -27.92705 906.1469
v 2.5 -27 906
v 2.5 27 906
v 2.5 27.92705 906.1469
v 2.5 28.76336 906.5729
v 2.5 29.42705 907.2366
v 2.5 29.85317 908.0729
v 2.5 30 903
v 2.5 30 909
v 2.5 30 950
v 2.5 30.92705 903.1469
v 2.5 31.76336 903.5729
v 2.5 32.42705 904.2366
v 2.5 32.85317 905.0729
v 2.5 33 906
v 2.5 33 947
v 2.5 46 947
v 2.5 46 950
v 172.3333 -33 906
v 172.3333 -30 903
v 172.3333 30 903
v 172.3333 33 906
v 257.25 -32.94236 905.4147
v 257.25 -32.49441 904.3333
v 257.25 -31.66671 903.5056
v 257.25 -30.58527 903.0576
v 257.25 30.58527 903.0576
v 257.25 31.66671 903.5056
v 257.25 32.49441 904.3333
v 257.25 32.94236 905.4147
v 342.1667 -33 906
v 342.1667 -30 903
v 342.1667 30 903
v 342.1667 33 906
v 510.5 -345 25
v 510.5 -345 29
v 510.5 345 25
v 510.5 345 29
v 512 -42 402
v 512 -42 583.6667
v 512 -42 765.3333
v 512 -42 947
v 512 -33 906
v 512 -33 908
v 512 -32.85317 905.0729
v 512 -32.42705 904.2366
v 512 -31.76336 903.5729
v 512 -30.92705 903.1469
v 512 -30 903
v 512 30 903
v 512 30.92705 903.1469
v 512 31.76336 903.5729
v 512 32.42705 904.2366
v 512 32.85317 905.0729
v 512 33 906
v 512 33 908
v 512 42 402
v 512 42 583.6667
v 512 42 765.3333
v 512 42 947
v 512.0576 -42.58527 674.5
v 512.0576 42.58527 674.5
v 512.1469 -42.92705 402
v 512.1469 -42.92705 947
v 512.1469 42.92705 402
v 512.1469 42.92705 947
v 512.5056 -43.66671 674.5
v 512.5056 43.66671 674.5
v 512.5729 -43.76336 402
v 512.5729 -43.76336 947
v 512.5729 43.76336 402
v 512.5729 43.76336 947
v 513.2366 -44.42705 402
v 513.2366 -44.42705 947
v 513.2366 44.42705 402
v 513.2366 44.42705 947
v 513.3333 -44.49441 674.5
v 513.3333 44.49441 674.5
v 514.0729 -44.85317 402
v 514.0729 -44.85317 947
v 514.0729 44.85317 402
v 514.0729 44.85317 947
v 514.4147 -44.94236 674.5
v 514.4147 44.94236 674.5
v 515 -45 402
v 515 -45 583.6667
v 515 -45 765.3333
v 515 -45 947
v 515 45 402
v 515 45 583.6667
v 515 45 765.3333
v 515 45 947
v 515.5 -38.5 215
v 515.5 -38.5 277.3333
v 515.5 -38.5 339.6667
v 515.5 -38.5 402
v 515.5 38.5 215
v 515.5 38.5 277.3333
v 515.5 38.5 339.6667
v 515.5 38.5 402
v 515.5576 -39.08527 308.5
v 515.5576 39.08527 308.5
v 515.6469 -39.42705 215
v 515.6469 -39.42705 402
v 515.6469 39.42705 215
v 515.6469 39.42705 402
v 516.0056 -40.16671 308.5
v 516.0056 40.16671 308.5
v 516.0729 -40.26336 215
v 516.0729 -40.26336 402
v 516.0729 40.26336 215
v 516.0729 40.26336 402
v 516.7366 -40.92705 215
v 516.7366 -40.92705 402
v 516.7366 40.92705 215
v 516.7366 40.92705 402
v 516.8333 -40.99441 308.5
v 516.8333 40.99441 308.5
v 517 -315 12.6
v 517 -315 25
v 517 -105 12.6
v 517 105 12.6
v 517 315 12.6
v 517 315 25
v 517.0692 -5.684342e-14 11.89767
v 517.1762 -315 11.48754
v 517.1762 315 11.48754
v 517.5729 -41.35317 215
v 517.5729 -41.35317 402
v 517.5729 41.35317 215
v 517.5729 41.35317 402
v 517.6067 -5.684342e-14 10.59995
v 517.6876 -315 10.48397
v 517.6876 315 10.48397
v 517.9147 -41.44236 308.5
v 517.9147 41.44236 308.5
v 518.4839 -315 9.687539
v 518.4839 315 9.687539
v 518.5 -41.5 215
v 518.5 -41.5 277.3333
v 518.5 -41.5 339.6667
v 518.5 -41.5 402
v 518.5 41.5 215
v 518.5 41.5 277.3333
v 518.5 41.5 339.6667
v 518.5 41.5 402
v 518.6 -5.684342e-14 9.606709
v 519 -35 29
v 519 -35 91
v 519 -35 153
v 519 -35 215
v 519 35 29
v 519 35 91
v 519 35 153
v 519 35 215
v 519.0576 -35.58527 122
v 519.1469 -35.92705 29
v 519.1469 -35.92705 215
v 519.1469 35.92705 29
v 519.1469 35.92705 215
v 519.2283 36.14805 122
v 519.4875 -315 9.176196
v 519.4875 315 9.176196
v 519.5056 -36.66671 122
v 519.5729 -36.76336 29
v 519.5729 -36.76336 215
v 519.5729 36.76336 29
v 519.5729 36.76336 215
v 519.8977 -5.684342e-14 9.069173
v 520.2366 -37.42705 29
v 520.2366 -37.42705 215
v 520.2366 37.42705 29
v 520.2366 37.42705 215
v 520.3333 -37.49441 122
v 520.3333 37.49441 122
v 520.6 -315 9
v 520.6 -105 9
v 520.6 105 9
v 520.6 315 9
v 521.0729 -37.85317 29
v 521.0729 -37.85317 215
v 521.0729 37.85317 29
v 521.0729 37.85317 215
v 521.4147 -37.94236 122
v 521.4147 37.94236 122
v 522 -38 29
v 522 -38 91
v 522 -38 153
v 522 -38 215
v 522 38 29
v 522 38 91
v 522 38 153
v 522 38 215
v 524 -270 0
v 524 -270 4.5
v 524 -270 9
v 524 270 0
v 524 270 4.5
v 524 270 9
v 524.2455 -272.9627 0
v 524.2455 -272.9627 9
v 524.2455 -267.0373 0
v 524.2455 -267.0373 9
v 524.2455 267.0373 0
v 524.2455 267.0373 9
v 524.2455 272.9627 0
v 524.2455 272.9627 9
v 524.9753 -275.8446 0
v 524.9753 -275.8446 9
v 524.9753 -264.1554 0
v 524.9753 -264.1554 9
v 524.9753 264.1554 0
v 524.9753 264.1554 9
v 524.9753 275.8446 0
v 524.9753 275.8446 9
v 526.1695 -278.567 0
v 526.1695 -278.567 9
v 526.1695 -261.433 0
v 526.1695 -261.433 9
v 526.1695 261.433 0
v 526.1695 261.433 9
v 526.1695 278.567 0
v 526.1695 278.567 9
v 527.7955 -281.0558 0
v 527.7955 -281.0558 9
v 527.7955 -258.9442 0
v 527.7955 -258.9442 9
v 527.7955 258.9442 0
v 527.7955 258.9442 9
v 527.7955 281.0558 0
v 527.7955 281.0558 9
v 529.809 -283.243 0
v 529.809 -283.243 9
v 529.809 -256.757 0
v 529.809 -256.757 9
v 529.809 256.757 0
v 529.809 256.757 9
v 529.809 283.243 0
v 529.809 283.243 9
v 532.1549 -285.069 0
v 532.1549 -285.069 9
v 532.1549 -254.931 0
v 532.1549 -254.931 9
v 532.1549 254.931 0
v 532.1549 254.931 9
v 532.1549 285.069 0
v 532.1549 285.069 9
v 534.7695 -286.4839 0
v 534.7695 -286.4839 9
v 534.7695 -253.5161 0
v 534.7695 -253.5161 9
v 534.7695 253.5161 0
v 534.7695 253.5161 9
v 534.7695 286.4839 0
v 534.7695 286.4839 9
v 537.5812 -287.4492 0
v 537.5812 -287.4492 9
v 537.5812 -252.5508 0
v 537.5812 -252.5508 9
v 537.5812 252.5508 0
v 537.5812 252.5508 9
v 537.5812 287.4492 0
v 537.5812 287.4492 9
v 540.5135 -287.9385 0
v 540.5135 -287.9385 9
v 540.5135 -252.0615 0
v 540.5135 -252.0615 9
v 540.5135 252.0615 0
v 540.5135 252.0615 9
v 540.5135 287.9385 0
v 540.5135 287.9385 9
v 542 -46 947
v 542 -46 950
v 542 -33 915.5
v 542 -33 947
v 542 33 915.5
v 542 33 947
v 542 46 947
v 542 46 950
v 543.4865 -287.9385 0
v 543.4865 -287.9385 9
v 543.4865 -252.0615 0
v 543.4865 -252.0615 9
v 543.4865 252.0615 0
v 543.4865 252.0615 9
v 543.4865 287.9385 0
v 543.4865 287.9385 9
v 545 -270 947
v 545 -270 950
v 545 270 947
v 545 270 950
v 546.4188 -287.4492 0
v 546.4188 -287.4492 9
v 546.4188 -252.5508 0
v 546.4188 -252.5508 9
v 546.4188 252.5508 0
v 546.4188 252.5508 9
v 546.4188 287.4492 0
v 546.4188 287.4492 9
v 549.2305 -286.4839 0
v 549.2305 -286.4839 9
v 549.2305 -253.5161 0
v 549.2305 -253.5161 9
v 549.2305 253.5161 0
v 549.2305 253.5161 9
v 549.2305 286.4839 0
v 549.2305 286.4839 9
v 551.8451 -285.069 0
v 551.8451 -285.069 9
v 551.8451 -254.931 0
v 551.8451 -254.931 9
v 551.8451 254.931 0
v 551.8451 254.931 9
v 551.8451 285.069 0
v 551.8451 285.069 9
v 554.191 -283.243 0
v 554.191 -283.243 9
v 554.191 -256.757 0
v 554.191 -256.757 9
v 554.191 256.757 0
v 554.191 256.757 9
v 554.191 283.243 0
v 554.191 283.243 9
v 556.2045 -281.0558 0
v 556.2045 -281.0558 9
v 556.2045 -258.9442 0
v 556.2045 -258.9442 9
v 556.2045 258.9442 0
v 556.2045 258.9442 9
v 556.2045 281.0558 0
v 556.2045 281.0558 9
v 557.8305 -278.567 0
v 557.8305 -278.567 9
v 557.8305 -261.433 0
v 557.8305 -261.433 9
v 557.8305 261.433 0
v 557.8305 261.433 9
v 557.8305 278.567 0
v 557.8305 278.567 9
v 559.0247 -275.8446 0
v 559.0247 -275.8446 9
v 559.0247 -264.1554 0
v 559.0247 -264.1554 9
v 559.0247 264.1554 0
v 559.0247 264.1554 9
v 559.0247 275.8446 0
v 559.0247 275.8446 9
v 559.7545 -272.9627 0
v 559.7545 -272.9627 9
v 559.7545 -267.0373 0
v 559.7545 -267.0373 9
v 559.7545 267.0373 0
v 559.7545 267.0373 9
v 559.7545 272.9627 0
v 559.7545 272.9627 9
v 560 -270 0
v 560 -270 4.5
v 560 -270 9
v 560 270 0
v 560 270 4.5
v 560 270 9
v 562 -38 29
v 562 -38 91
v 562 -38 153
v 562 -38 215
v 562 38 29
v 562 38 91
v 562 38 153
v 562 38 215
v 562.5853 -37.94236 122
v 562.5853 37.94236 122
v 562.9271 -37.85317 29
v 562.9271 -37.85317 215
v 562.9271 37.85317 29
v 562.9271 37.85317 215
v 563.4 -315 9
v 563.4 -105 9
v 563.4 105 9
v 563.4 315 9
v 563.6667 -37.49441 122
v 563.6667 37.49441 122
v 563.7634 -37.42705 29
v 563.7634 -37.42705 215
v 563.7634 37.42705 29
v 563.7634 37.42705 215
v 564.1023 0 9.069173
v 564.4271 -36.76336 29
v 564.4271 -36.76336 215
v 564.4271 36.76336 29
v 564.4271 36.76336 215
v 564.4944 -36.66671 122
v 564.4944 36.66671 122
v 564.5125 -315 9.176196
v 564.5125 315 9.176196
v 564.8531 -35.92705 29
v 564.8531 -35.92705 215
v 564.8531 35.92705 29
v 564.8531 35.92705 215
v 564.9424 -35.58527 122
v 564.9424 35.58527 122
v 565 -35 29
v 565 -35 91
v 565 -35 153
v 565 -35 215
v 565 35 29
v 565 35 91
v 565 35 153
v 565 35 215
v 565.4 0 9.606709
v 565.5 -41.5 215
v 565.5 -41.5 277.3333
v 565.5 -41.5 339.6667
v 565.5 -41.5 402
v 565.5 41.5 215
v 565.5 41.5 277.3333
v 565.5 41.5 339.6667
v 565.5 41.5 402
v 565.5161 -315 9.687539
v 565.5161 315 9.687539
v 566.0853 -41.44236 308.5
v 566.0853 41.44236 308.5
v 566.3124 -315 10.48397
v 566.3124 315 10.48397
v 566.3933 0 10.59995
v 566.4271 -41.35317 215
v 566.4271 -41.35317 402
v 566.4271 41.35317 215
v 566.4271 41.35317 402
v 566.8238 -315 11.48754
v 566.8238 315 11.48754
v 566.9308 0 11.89767
v 567 -315 12.6
v 567 -315 25
v 567 -105 12.6
v 567 105 12.6
v 567 315 12.6
v 567 315 25
v 567.1667 -40.99441 308.5
v 567.1667 40.99441 308.5
v 567.2634 -40.92705 215
v 567.2634 -40.92705 402
v 567.2634 40.92705 215
v 567.2634 40.92705 402
v 567.9271 -40.26336 215
v 567.9271 -40.26336 402
v 567.9271 40.26336 215
v 567.9271 40.26336 402
v 567.9944 -40.16671 308.5
v 567.9944 40.16671 308.5
v 568.3531 -39.42705 215
v 568.3531 -39.42705 402
v 568.3531 39.42705 215
v 568.3531 39.42705 402
v 568.4424 -39.08527 308.5
v 568.4424 39.08527 308.5
v 568.5 -38.5 215
v 568.5 -38.5 277.3333
v 568.5 -38.5 339.6667
v 568.5 -38.5 402
v 568.5 38.5 215
v 568.5 38.5 277.3333
v 568.5 38.5 339.6667
v 568.5 38.5 402
v 569 -45 402
v 569 -45 583.6667
v 569 -45 765.3333
v 569 -45 947
v 569 45 402
v 569 45 583.6667
v 569 45 765.3333
v 569 45 947
v 569.5853 -44.94236 674.5
v 569.5853 44.94236 674.5
v 569.9271 -44.85317 402
v 569.9271 -44.85317 947
v 569.9271 44.85317 402
v 569.9271 44.85317 947
v 570.6667 -44.49441 674.5
v 570.6667 44.49441 674.5
v 570.7634 -44.42705 402
v 570.7634 -44.42705 947
v 570.7634 44.42705 402
v 570.7634 44.42705 947
v 571.4271 -43.76336 402
v 571.4271 -43.76336 947
v 571.4271 43.76336 402
v 571.4271 43.76336 947
v 571.4944 -43.66671 674.5
v 571.4944 43.66671 674.5
v 571.8531 -42.92705 402
v 571.8531 -42.92705 947
v 571.8531 42.92705 402
v 571.8531 42.92705 947
v 571.9424 -42.58527 674.5
v 571.9424 42.58527 674.5
v 572 -270 930
v 572 -270 947
v 572 -270 950
v 572 -90 950
v 572 -44.99446 900
v 572 -42 402
v 572 -42 583.6667
v 572 -42 765.3333
v 572 -42 947
v 572 42 402
v 572 42 583.6667
v 572 42 765.3333
v 572 42 947
v 572 44.99446 900
v 572 90 950
v 572 270 930
v 572 270 947
v 572 270 950
v 572.5853 -5.684342e-14 949.9424
v 572.9271 -270 949.8531
v 572.9271 270 949.8531
v 573.5 -345 25
v 573.5 -345 29
v 573.5 345 25
v 573.5 345 29
v 573.6667 -5.684342e-14 949.4944
v 573.7634 -270 949.4271
v 573.7634 270 949.4271
v 574.4271 -270 948.7634
v 574.4271 270 948.7634
v 574.4944 -5.684342e-14 948.6667
v 574.8531 -270 947.9271
v 574.8531 270 947.9271
v 574.9424 -5.684342e-14 947.5853
v 575 -270 930
v 575 -270 947
v 575 -90 947
v 575 -44.99446 900
v 575 44.99446 900
v 575 90 947
v 575 270 930
v 575 270 947
v 600 -350 950
v 600 -350 975
v 600 350 950
v 600 350 975

# Texture coordinates (Number of texture coordinates = 24)
vt 6.557184e-06 7.142653e-06
vt 6.557184e-06 0.4999928
vt 0.01639952 7.142653e-06
vt 0.01639952 0.4999928
vt 0.01787747 7.142653e-06
vt 0.01787747 0.4999928
vt 0.03427044 7.142653e-06
vt 0.03427044 0.4999928
vt 0.03574839 7.142653e-06
vt 0.03574839 0.8571255
vt 0.05214135 7.142653e-06
vt 0.05214135 0.8571255
vt 0.05361931 7.142653e-06
vt 0.05361931 0.8571255
vt 0.07001227 7.142653e-06
vt 0.07001227 0.8571255
vt 0.0714908 7.121727e-06
vt 0.0714908 0.498528
vt 0.0714908 0.5000071
vt 0.0714908 0.998528
vt 0.9271443 7.121727e-06
vt 0.9271443 0.498528
vt 0.9271443 0.5000071
vt 0.9271443 0.998528

# Vertex normals (Number of vertex normals = 707)
vn -1 0 0
vn -0.9991931 0.04016315 0
vn -0.9989541 -0.03233213 -0.03233157
vn -0.9987966 -0.04904497 0
vn -0.9987966 0 0.04904528
vn -0.9987966 0.04904497 0
vn -0.9987962 0 -0.04905343
vn -0.9982181 -0.05967213 2.122449e-05
vn -0.9982181 -0.05967213 6.185748e-05
vn -0.9982181 -0.05967213 6.219005e-05
vn -0.9982178 -2.202277e-05 -0.05967562
vn -0.9980434 0 0.06252599
vn -0.9980434 0.06252571 0
vn -0.9980429 0 -0.06253312
vn -0.997965 -0.06376423 -9.340519e-05
vn -0.997965 -0.06376423 -9.29057e-05
vn -0.997965 -0.06376423 -3.187773e-05
vn -0.997965 3.217131e-05 0.06376391
vn -0.9979649 3.307682e-05 -0.06376581
vn -0.997965 0.06376423 -9.29057e-05
vn -0.9969169 0 -0.07846434
vn -0.9969165 -0.07846962 0
vn -0.9969165 0.07846962 0
vn -0.9963428 0.08544604 0.0001063578
vn -0.9954237 -6.594654e-05 -0.09555944
vn -0.9951859 0.09800526 0
vn -0.9946917 0.1029002 6.369097e-05
vn -0.9946917 0.1029002 0.0001856234
vn -0.9946917 0.1029002 0.0001866214
vn -0.9939114 0.1101827 0
vn -0.9932634 -5.475083e-05 -0.1158787
vn -0.9928929 0.08415398 0.08415398
vn -0.9925804 0.1215903 -0.0001242785
vn -0.9918661 0.1272855 -0.000246894
vn -0.9916576 0.1288998 -0.0001341262
vn -0.990371 6.206601e-05 0.1384383
vn -0.9863616 -0.1645927 0
vn -0.9863616 0.1645927 0
vn -0.9855025 -0.1199685 -0.1199685
vn -0.9855025 0.1199685 0.1199685
vn -0.9828035 -0.1305718 -0.1305695
vn -0.9822903 -0.1324875 -0.1324875
vn -0.9789388 0.204154 -2.458546e-05
vn -0.9764152 -2.900081e-05 -0.2159014
vn -0.9742495 -0.2254725 -8.064692e-05
vn -0.9742495 -0.2254725 -8.021566e-05
vn -0.9742495 -0.2254725 -2.752354e-05
vn -0.9742483 2.862238e-05 -0.2254777
vn -0.9735014 0.2286808 1.872208e-05
vn -0.97071 0.2402543 3.187648e-05
vn -0.9641001 0.1990145 0.1757963
vn -0.9617754 -0.1848459 -0.2020398
vn -0.9569364 3.459871e-05 0.2902978
vn -0.9569365 0.2902972 -9.998371e-05
vn -0.9510579 0.3090128 -9.895898e-05
vn -0.9476188 0.3194035 -0.0001944333
vn -0.9473169 0.320298 -0.000168329
vn -0.9458151 -0.3247056 0
vn -0.9458151 0.3247056 0
vn -0.943119 -7.438788e-05 -0.3324554
vn -0.9431094 -0.3324827 7.152334e-05
vn -0.9431093 -0.3324827 0.0002084504
vn -0.9431093 -0.3324827 0.000209571
vn -0.9424302 0.2364586 0.2364586
vn -0.9327013 0.3606498 -1.821879e-05
vn -0.9312148 -0.3644708 -4.975849e-05
vn -0.9312148 -0.3644708 -4.94924e-05
vn -0.9312148 -0.3644708 -1.698179e-05
vn -0.9312148 0.3644708 1.698179e-05
vn -0.9312148 0.3644708 4.94924e-05
vn -0.9312148 0.3644708 4.975849e-05
vn -0.9312125 1.772319e-05 -0.3644767
vn -0.9290362 -0.2616218 -0.2616215
vn -0.8997597 -5.221327e-05 0.4363857
vn -0.8997597 0.4363857 -5.178434e-05
vn -0.8997597 0.4363857 5.178434e-05
vn -0.8997598 0.4363856 0.0001509223
vn -0.8997452 5.395517e-05 -0.4364156
vn -0.8819336 0.4713736 -0.0002610821
vn -0.8812604 8.684902e-05 -0.4726312
vn -0.8812549 0.4726414 0.0002439849
vn -0.8812533 -8.452499e-05 0.4726443
vn -0.879472 -0.4759506 0
vn -0.879472 0.4759506 0
vn -0.8703883 -0.3481591 -0.3481516
vn -0.8703883 -0.3481553 -0.3481553
vn -0.8703883 0.3481553 0.3481553
vn -0.8703873 0.3481604 0.3481529
vn -0.8577257 -0.5141076 9.389484e-05
vn -0.8539155 0.5204118 -9.612037e-05
vn -0.8539155 0.5204118 -9.560633e-05
vn -0.8465595 0.5322942 -5.582417e-05
vn -0.8422179 -0.5391374 3.3711e-05
vn -0.8368869 -3.666346e-05 -0.5473759
vn -0.8368786 -0.5473886 3.527311e-05
vn -0.8368786 -0.5473886 0.0001028013
vn -0.8368786 -0.5473886 0.000103354
vn -0.8363955 -0.3875832 -0.3875846
vn -0.825641 0.3991948 0.3986984
vn -0.8253362 0.5646416 -1.702702e-05
vn -0.8231206 0.4062791 0.3967491
vn -0.8204 -0.57179 1.931396e-05
vn -0.8090257 -0.587773 -0.0005246465
vn -0.8090257 -0.587773 -0.0005218409
vn -0.8090258 -0.5877731 -0.0001790537
vn -0.8090258 -0.5877731 8.58894e-06
vn -0.8090258 -0.5877731 2.503194e-05
vn -0.8090258 -0.5877731 2.516652e-05
vn -0.8090258 -8.743209e-06 0.5877731
vn -0.8090258 8.743209e-06 0.5877731
vn -0.8090258 0.5877731 -2.516652e-05
vn -0.8090258 0.5877731 -2.503194e-05
vn -0.8090258 0.5877731 -8.58894e-06
vn -0.8090258 0.5877731 8.58894e-06
vn -0.8090258 0.5877731 2.503194e-05
vn -0.8090258 0.5877731 2.516652e-05
vn -0.8090234 -8.819577e-06 -0.5877764
vn -0.8090234 0.0001858273 -0.5877764
vn -0.8090146 -8.758172e-06 -0.5877886
vn -0.8090146 8.758172e-06 -0.5877886
vn -0.7891416 -0.6142113 0
vn -0.7891416 0.6142113 0
vn -0.7761163 0.6305898 -0.0003737345
vn -0.7672211 -0.4456069 -0.4613093
vn -0.7492687 0.4682929 0.4682929
vn -0.7492622 -0.4683031 -0.468293
vn -0.7405068 -0.4889848 -0.4610246
vn -0.7251443 -0.4888424 -0.4849731
vn -0.7071115 -0.4999967 -0.4999967
vn -0.7008249 -0.5090476 -0.499715
vn -0.67882 -6.941612e-05 -0.7343048
vn -0.6788008 6.753652e-05 0.7343225
vn -0.6788008 0.7343225 -0.0001947971
vn -0.6772844 -0.7357213 0
vn -0.6772844 0.7357213 0
vn -0.6699871 0.5248948 0.5249789
vn -0.6310772 0.5563146 0.5406067
vn -0.5890979 -0.5749577 -0.5677916
vn -0.5877919 8.791631e-06 -0.8090122
vn -0.5877848 -0.8090173 -2.510319e-05
vn -0.5877848 -0.8090173 -2.496894e-05
vn -0.5877848 -0.8090173 -8.567326e-06
vn -0.5877848 -0.8090173 8.567326e-06
vn -0.5877848 -0.8090173 2.496894e-05
vn -0.5877848 -0.8090173 2.510319e-05
vn -0.5877848 0.8090172 -0.0005249594
vn -0.5877848 0.8090172 -0.0005221522
vn -0.5877848 0.8090173 -0.0001791605
vn -0.5877848 0.8090173 -2.510319e-05
vn -0.5877848 0.8090173 -8.567326e-06
vn -0.5877848 0.8090173 8.567326e-06
vn -0.5877848 0.8090173 2.496894e-05
vn -0.5877848 0.8090173 2.510319e-05
vn -0.5877796 -8.853036e-06 -0.8090211
vn -0.5877796 8.853036e-06 -0.8090211
vn -0.5877731 -8.743209e-06 0.8090258
vn -0.56586 0.5853432 0.5806684
vn -0.5481122 -0.5914275 -0.5914275
vn -0.5480931 -0.5953711 -0.5874753
vn -0.5473828 0.8368824 3.530616e-05
vn -0.5473828 0.8368824 0.0001028976
vn -0.5473828 0.8368824 0.0001034508
vn -0.5469503 -0.8371651 0
vn -0.5469503 0.8371651 0
vn -0.544265 0.8389134 7.05458e-05
vn -0.5442645 2.510424e-05 -0.8389137
vn -0.5413199 -0.5879696 -0.6010528
vn -0.5204065 -0.8539187 -9.619923e-05
vn -0.5204065 -0.8539187 -9.568479e-05
vn -0.5204066 -0.8539186 -3.28313e-05
vn -0.5204052 3.406473e-05 -0.8539194
vn -0.5091698 -5.881488e-05 0.8606661
vn -0.4950345 0.8688734 2.966051e-05
vn -0.4886204 0.8724965 -0.0001522861
vn -0.4744071 -0.8803056 0.0002396952
vn -0.4726339 -0.8812589 0.0002454739
vn -0.4634208 0.6174538 0.6356036
vn -0.4522749 0.8918786 4.954426e-06
vn -0.4364084 -0.8997487 0.0001510312
vn -0.4364084 -0.8997487 0.0001518432
vn -0.4016965 -0.9157729 0
vn -0.4016965 0.9157729 0
vn -0.4016943 -0.9157739 0
vn -0.4016943 0.9157739 0
vn -0.3699691 -0.6569334 -0.6569334
vn -0.3699691 -0.6569326 -0.6569341
vn -0.3699691 -0.6569319 -0.6569349
vn -0.3680947 -0.6574596 -0.6574596
vn -0.3644718 1.71009e-05 0.9312145
vn -0.3644715 -0.9312146 1.693227e-05
vn -0.3644715 -0.9312146 4.934809e-05
vn -0.3644715 -0.9312146 4.961341e-05
vn -0.3644715 0.9312146 -4.961341e-05
vn -0.3644715 0.9312146 -4.934809e-05
vn -0.3644715 0.9312146 -1.693227e-05
vn -0.3644651 -1.757242e-05 -0.9312171
vn -0.3324609 0.9431171 7.160356e-05
vn -0.3324609 0.943117 0.0002086841
vn -0.3324609 0.943117 0.0002098061
vn -0.322217 0.9466659 -0.0001449991
vn -0.2902857 -0.9569401 -9.970098e-05
vn -0.2902858 -0.95694 -3.420933e-05
vn -0.2824385 0.9592854 3.754242e-05
vn -0.2690624 0.9631227 0.0002118522
vn -0.2690612 7.545971e-05 -0.9631231
vn -0.2610028 0.6765574 0.6885838
vn -0.2590199 -0.965872 2.477885e-05
vn -0.2590199 -0.965872 7.221643e-05
vn -0.256442 -0.9665596 -7.810123e-05
vn -0.256442 -0.9665596 -2.665473e-05
vn -0.256442 0.9665596 2.665473e-05
vn -0.2564414 2.766802e-05 -0.9665598
vn -0.253316 0.6777826 0.6902476
vn -0.2454867 -0.9694 0
vn -0.2454867 0.9694 0
vn -0.2454841 -0.9694006 0
vn -0.2454841 0.9694006 0
vn -0.2425356 0 -0.9701425
vn -0.2307473 -0.6880224 -0.6880268
vn -0.2254727 0.9742495 -8.09497e-05
vn -0.2254727 0.9742495 -8.051682e-05
vn -0.2254727 0.9742495 -2.762688e-05
vn -0.2159 2.892775e-05 -0.9764155
vn -0.2158983 -0.9764159 -8.166198e-05
vn -0.2158983 -0.9764159 -8.122529e-05
vn -0.2158983 -0.9764159 -2.786996e-05
vn -0.2158983 0.9764159 2.786996e-05
vn -0.2052798 -5.784613e-05 0.9787033
vn -0.2035654 -0.6938188 -0.6907797
vn -0.1846597 -0.6949449 -0.6949478
vn -0.1819631 -0.6953019 -0.6953019
vn -0.1758128 -0.00011243 0.9844236
vn -0.1696604 0.6968555 0.6968555
vn -0.1482406 5.767213e-05 -0.9889513
vn -0.148235 0.9889522 0.0001619274
vn -0.130709 -0.9914207 -0.0002452685
vn -0.1190291 -0.7020798 -0.7020798
vn -0.1190291 0.7020798 0.7020798
vn -0.1159003 -0.9932609 -0.0001544169
vn -0.1108179 -0.9938408 -6.34684e-05
vn -0.1081796 -0.9941314 -0.0001233172
vn -0.106137 0.9943515 0.000247983
vn -0.1041076 -0.994566 -0.0001859869
vn -0.1029051 -6.603463e-05 -0.9946912
vn -0.1029007 -0.9946917 6.361763e-05
vn -0.1029007 -0.9946916 0.0001854096
vn -0.1029007 -0.9946916 0.0001864065
vn -0.1029007 0.9946916 -0.0001864065
vn -0.1029007 0.9946917 -6.361763e-05
vn -0.1028994 -6.427751e-05 0.9946918
vn -0.1028994 6.427751e-05 0.9946918
vn -0.09739246 0.9952461 6.34872e-05
vn -0.09556009 -0.9954237 -0.000186013
vn -0.08257976 -0.9965845 0
vn -0.08257976 0.9965845 0
vn -0.08257472 -0.9965849 0
vn -0.08257472 0.9965849 0
vn -0.07846128 0 -0.9969172
vn -0.07845865 -0.9969174 0
vn -0.07845865 0.9969174 0
vn -0.070294 4.403242e-05 -0.9975263
vn -0.06377324 -3.305077e-05 -0.9979644
vn -0.06377016 -0.9979646 -9.279875e-05
vn -0.06377017 -0.9979646 -3.184105e-05
vn -0.06377016 0.9979646 -9.329767e-05
vn -0.06377016 0.9979646 -9.279875e-05
vn -0.06377017 0.9979646 -3.184105e-05
vn -0.06254572 -0.9980421 0
vn -0.05968606 2.200595e-05 -0.9982172
vn -0.05968281 0.9982174 2.120018e-05
vn -0.05968281 0.9982174 6.178661e-05
vn -0.05968281 0.9982174 6.211879e-05
vn -0.04907138 0 -0.9987953
vn -0.04906785 -0.9987954 0
vn -0.04906785 0.9987954 0
vn -0.04904528 0 0.9987966
vn -0.04572675 -0.7063641 -0.7063702
vn -0.006941875 0.1028951 -0.994668
vn -0.006933585 -0.9946681 -0.1028946
vn -0.006275237 0.9709663 -0.2391341
vn -0.006088927 0.8465408 -0.532289
vn -0.00564898 0.8997338 -0.4364025
vn -0.003739633 -0.2903019 -0.9569278
vn -0.003575071 -0.5204151 -0.853906
vn -0.003474473 -0.06376228 -0.9979591
vn -0.001851438 0.364467 -0.9312145
vn -0.001846015 -0.9312143 -0.3644676
vn -0.0009361436 0.587772 -0.8090261
vn -0.0009358706 -0.587772 -0.8090261
vn -0.0009334861 0.8090171 -0.5877844
vn -0.0009332132 -0.8090171 -0.5877844
vn -8.515883e-05 0.9899175 -0.141645
vn -7.149572e-05 0.6788008 -0.7343225
vn -6.805027e-05 -0.9946917 -0.1029007
vn -6.812929e-05 -0.1029001 -0.9946917
vn -6.812929e-05 0.1029001 -0.9946917
vn -5.543245e-05 0.8997487 -0.4364084
vn -4.802493e-05 0.7070355 -0.7071781
vn -3.677259e-05 -0.8204005 -0.5717893
vn -3.669777e-05 -0.2902974 -0.9569365
vn -3.65929e-05 0.95694 -0.2902858
vn -3.409914e-05 -0.06376415 -0.997965
vn -3.405961e-05 0.9979646 -0.06377017
vn -3.153385e-05 -0.183649 -0.9829919
vn -2.8917e-05 0.7070639 -0.7071497
vn -2.648743e-05 0.5626947 -0.8266648
vn -2.63737e-05 0.7070676 -0.707146
vn -2.611289e-05 0.7071252 -0.7070884
vn -1.811205e-05 -0.9312146 -0.3644715
vn -1.816582e-05 -0.364471 -0.9312147
vn -1.816582e-05 0.364471 -0.9312147
vn -1.697704e-05 -0.707073 0.7071406
vn -1.663866e-05 0.7071173 -0.7070962
vn -1.305584e-05 -0.7070993 0.7071143
vn -1.305644e-05 0.7071161 -0.7070975
vn -9.164265e-06 -0.8090173 -0.5877848
vn -9.187384e-06 -0.5877731 -0.8090258
vn -9.187384e-06 0.5877731 -0.8090258
vn -9.069156e-06 0.7963477 -0.6048391
vn -9.164265e-06 0.8090173 -0.5877848
vn -8.424739e-06 -0.7070925 0.7071211
vn -8.424739e-06 0.7070925 -0.7071211
vn -7.310684e-06 0.7071081 -0.7071055
vn -5.310135e-06 -0.7071173 0.7070963
vn -4.833178e-06 -0.7070906 0.707123
vn -4.924213e-06 -0.7070886 0.7071249
vn -4.842526e-06 0.7070938 -0.7071199
vn -4.631104e-06 -0.7071137 0.7071
vn -4.613286e-06 -0.7070974 0.7071161
vn -4.722461e-06 0.7070997 -0.7071139
vn -3.172786e-06 -0.7070972 0.7071164
vn -1.608306e-06 -0.7071071 0.7071065
vn -1.63198e-06 -0.7071059 0.7071077
vn -1.359907e-06 -0.7070912 0.7071224
vn -1.073778e-06 -0.7071044 0.7071092
vn -5.350572e-07 0.7071052 -0.7071084
vn -3.641443e-07 -0.7071072 0.7071065
vn -3.641443e-07 0.7071072 -0.7071065
vn -2.272564e-07 -0.707114 0.7070996
vn 0 -1 0
vn 0 -0.9987954 -0.04906785
vn 0 -0.9969174 -0.07845865
vn 0 -0.9969175 -0.07845767
vn 0 -0.7071204 0.7070931
vn 0 -0.7071111 0.7071025
vn 0 -0.7071068 -0.7071068
vn 0 -0.7071068 0.7071068
vn 0 -0.7070991 0.7071145
vn 0 -0.4886325 -0.8724897
vn 0 -0.1321605 -0.9912283
vn 0 -0.06622565 -0.9978047
vn 0 -0.04904481 -0.9987966
vn 0 0 -1
vn 0 0 1
vn 0 0.04904481 -0.9987966
vn 0 0.06622565 -0.9978047
vn 0 0.07846962 -0.9969165
vn 0 0.1321605 -0.9912283
vn 0 0.7071068 -0.7071068
vn 0 0.7071068 0.7071068
vn 0 0.993907 -0.1102225
vn 0 0.9980421 -0.06254572
vn 0 0.9987954 -0.04906785
vn 0 0.9990512 -0.04355139
vn 0 1 0
vn 3.641443e-07 -0.7071072 0.7071065
vn 4.211902e-07 0.7071054 -0.7071082
vn 3.641443e-07 0.7071072 -0.7071065
vn 6.363472e-07 -0.7071067 0.7071069
vn 1.387706e-06 -0.707104 0.7071096
vn 1.359907e-06 0.7070912 -0.7071224
vn 2.223747e-06 -0.7071016 0.707112
vn 4.631104e-06 -0.7071137 0.7071
vn 4.722461e-06 -0.7070997 0.7071139
vn 4.904533e-06 -0.7070957 0.7071179
vn 4.833178e-06 0.7070906 -0.707123
vn 4.842526e-06 0.7070938 -0.7071199
vn 6.466692e-06 0.7071087 -0.7071049
vn 7.128613e-06 -0.7071043 0.7071093
vn 7.310684e-06 -0.7071081 0.7071055
vn 8.54179e-06 -0.9653935 -0.2607974
vn 8.424739e-06 0.7070925 -0.7071211
vn 8.678426e-06 -0.7070916 0.707122
vn 9.164265e-06 -0.8090173 -0.5877848
vn 9.187384e-06 -0.5877731 -0.8090258
vn 9.187384e-06 0.5877731 -0.8090258
vn 9.164265e-06 0.8090173 -0.5877848
vn 1.305644e-05 0.7071161 -0.7070975
vn 1.44585e-05 -0.7070815 0.7071321
vn 1.594092e-05 0.7071167 -0.7070969
vn 1.697704e-05 0.707073 -0.7071406
vn 1.717618e-05 -0.2643683 -0.9644218
vn 1.811205e-05 -0.9312146 -0.3644715
vn 1.816582e-05 -0.364471 -0.9312147
vn 2.63737e-05 -0.7070676 0.707146
vn 2.851193e-05 -0.9665596 -0.256442
vn 2.854479e-05 0.2564514 -0.9665571
vn 2.8917e-05 -0.7070639 0.7071497
vn 2.956027e-05 -0.8809053 -0.4732926
vn 2.981184e-05 -0.9764159 -0.2158983
vn 2.987749e-05 0.2159057 -0.9764143
vn 3.405961e-05 -0.9979646 -0.06377017
vn 3.409914e-05 -0.06376415 -0.997965
vn 3.402776e-05 0.08333144 -0.9965219
vn 4.802493e-05 -0.7070355 0.7071781
vn 5.543245e-05 0.8997487 -0.4364084
vn 5.658489e-05 -0.9947034 -0.1027875
vn 5.894054e-05 0.5066053 -0.8621781
vn 5.927084e-05 0.200841 -0.9796239
vn 6.812929e-05 -0.1029001 -0.9946917
vn 6.812929e-05 0.1029001 -0.9946917
vn 8.037958e-05 -0.4692425 -0.8830693
vn 8.959191e-05 -0.2125117 -0.9771585
vn 8.961364e-05 0.881259 -0.4726338
vn 0.0001191673 0.1758144 -0.9844233
vn 0.0009333494 -0.8090169 -0.5877847
vn 0.0009333494 0.8090169 -0.5877847
vn 0.0009360067 -0.5877717 -0.8090263
vn 0.0009360067 0.5877717 -0.8090263
vn 0.001846015 0.9312143 -0.3644676
vn 0.001851438 -0.364467 -0.9312145
vn 0.002311607 0.07191104 -0.9974084
vn 0.002904846 -0.9665575 -0.2564335
vn 0.002908292 0.2564441 -0.9665547
vn 0.00303744 -0.9764103 -0.2159021
vn 0.003044275 0.2159106 -0.9764084
vn 0.003575062 0.5204151 -0.8539059
vn 0.003578214 -0.8539092 -0.5204097
vn 0.005765117 -0.994687 -0.1027841
vn 0.006933585 0.9946681 -0.1028946
vn 0.006941875 -0.1028951 -0.994668
vn 0.04572675 -0.7063656 -0.7063687
vn 0.04904528 0 0.9987966
vn 0.04906785 -0.9987954 0
vn 0.04906785 0.9987954 0
vn 0.04907138 0 -0.9987953
vn 0.05968281 -0.9982174 2.120018e-05
vn 0.05968281 -0.9982174 6.178661e-05
vn 0.05968281 -0.9982174 6.211879e-05
vn 0.05968606 -2.200595e-05 -0.9982172
vn 0.06254572 0.9980421 0
vn 0.06377016 -0.9979646 -9.329767e-05
vn 0.06377016 -0.9979646 -9.279875e-05
vn 0.06377017 -0.9979646 -3.184105e-05
vn 0.06377016 0.9979646 -9.279875e-05
vn 0.06377017 0.9979646 -3.184105e-05
vn 0.06377324 3.305077e-05 -0.9979644
vn 0.070294 -4.403242e-05 -0.9975263
vn 0.07845865 -0.9969174 0
vn 0.07845865 0.9969174 0
vn 0.07846128 0 -0.9969172
vn 0.08257472 -0.9965849 0
vn 0.08257472 0.9965849 0
vn 0.08257976 -0.9965845 0
vn 0.08257976 0.9965845 0
vn 0.09556009 0.9954237 -0.000186013
vn 0.09739246 -0.9952461 6.34872e-05
vn 0.1028994 -6.427751e-05 0.9946918
vn 0.1028994 6.427751e-05 0.9946918
vn 0.1029007 -0.9946916 -0.0001864065
vn 0.1029007 -0.9946917 -6.361763e-05
vn 0.1029007 0.9946917 6.361763e-05
vn 0.1029007 0.9946916 0.0001854096
vn 0.1029007 0.9946916 0.0001864065
vn 0.1029051 6.603463e-05 -0.9946912
vn 0.1041076 0.994566 -0.0001859869
vn 0.106137 -0.9943515 0.000247983
vn 0.1081796 0.9941314 -0.0001233172
vn 0.1108179 0.9938408 -6.34684e-05
vn 0.1159003 0.9932609 -0.0001544169
vn 0.1190291 0.7020798 0.7020798
vn 0.130709 0.9914207 -0.0002452685
vn 0.148235 -0.9889522 0.0001619274
vn 0.1482406 -5.767213e-05 -0.9889513
vn 0.1696604 -0.6968555 -0.6968555
vn 0.1758128 0.00011243 0.9844236
vn 0.1819631 0.6953019 0.6953019
vn 0.1846597 -0.6949449 -0.6949478
vn 0.2035654 0.6938188 0.6907797
vn 0.2052798 5.784613e-05 0.9787033
vn 0.2158983 -0.9764159 2.786996e-05
vn 0.2158983 0.9764159 -8.166198e-05
vn 0.2158983 0.9764159 -8.122529e-05
vn 0.2158983 0.9764159 -2.786996e-05
vn 0.2159 -2.892775e-05 -0.9764155
vn 0.2238629 -0.6913098 -0.6870053
vn 0.2254727 -0.9742495 -8.09497e-05
vn 0.2254727 -0.9742495 -8.051682e-05
vn 0.2254727 -0.9742495 -2.762688e-05
vn 0.2307473 -0.6880238 -0.6880254
vn 0.2425356 0 -0.9701425
vn 0.2454841 -0.9694006 0
vn 0.2454841 0.9694006 0
vn 0.2454867 -0.9694 0
vn 0.2454867 0.9694 0
vn 0.2564414 -2.766802e-05 -0.9665598
vn 0.256442 -0.9665596 2.665473e-05
vn 0.256442 0.9665596 -7.810123e-05
vn 0.256442 0.9665596 -2.665473e-05
vn 0.2590199 0.965872 2.477885e-05
vn 0.2590199 0.965872 7.221643e-05
vn 0.2690612 -7.545971e-05 -0.9631231
vn 0.2690624 -0.9631227 0.0002118522
vn 0.2824385 -0.9592854 3.754242e-05
vn 0.2866071 0.6804636 0.6744078
vn 0.2902857 0.9569401 -9.970098e-05
vn 0.2902858 0.95694 -3.420933e-05
vn 0.322217 -0.9466659 -0.0001449991
vn 0.3324609 -0.9431171 7.160356e-05
vn 0.3324609 -0.943117 0.0002086841
vn 0.3324609 -0.943117 0.0002098061
vn 0.3644651 1.757242e-05 -0.9312171
vn 0.3644715 -0.9312146 -4.961341e-05
vn 0.3644715 -0.9312146 -4.934809e-05
vn 0.3644715 -0.9312146 -1.693227e-05
vn 0.3644715 0.9312146 1.693227e-05
vn 0.3644715 0.9312146 4.934809e-05
vn 0.3644715 0.9312146 4.961341e-05
vn 0.3644718 -1.71009e-05 0.9312145
vn 0.3680947 0.6574596 0.6574596
vn 0.3699691 -0.656932 -0.6569347
vn 0.3699691 -0.6569313 -0.6569355
vn 0.3699691 -0.6569306 -0.6569362
vn 0.4016943 -0.9157739 0
vn 0.4016943 0.9157739 0
vn 0.4016965 -0.9157729 0
vn 0.4016965 0.9157729 0
vn 0.4364084 0.8997487 0.0001510312
vn 0.4364084 0.8997487 0.0001518432
vn 0.4522749 -0.8918786 4.954426e-06
vn 0.4560285 0.6283588 0.6302407
vn 0.4726339 0.8812589 0.0002454739
vn 0.4744071 0.8803056 0.0002396952
vn 0.4886204 -0.8724965 -0.0001522861
vn 0.4950345 -0.8688734 2.966051e-05
vn 0.5091698 5.881488e-05 0.8606661
vn 0.5204052 -3.406473e-05 -0.8539194
vn 0.5204065 0.8539187 -9.619923e-05
vn 0.5204065 0.8539187 -9.568479e-05
vn 0.5204066 0.8539186 -3.28313e-05
vn 0.5442645 -2.510424e-05 -0.8389137
vn 0.544265 -0.8389134 7.05458e-05
vn 0.5469503 -0.8371651 0
vn 0.5469503 0.8371651 0
vn 0.5473828 -0.8368824 3.530616e-05
vn 0.5473828 -0.8368824 0.0001028976
vn 0.5473828 -0.8368824 0.0001034508
vn 0.5481122 -0.591425 -0.5914301
vn 0.5877731 8.743209e-06 0.8090258
vn 0.5877796 -8.853036e-06 -0.8090211
vn 0.5877796 8.853036e-06 -0.8090211
vn 0.5877848 -0.8090172 -0.0005249594
vn 0.5877848 -0.8090172 -0.0005221522
vn 0.5877848 -0.8090173 -0.0001791605
vn 0.5877848 -0.8090173 -2.510319e-05
vn 0.5877848 -0.8090173 -8.567326e-06
vn 0.5877848 -0.8090173 8.567326e-06
vn 0.5877848 -0.8090173 2.496894e-05
vn 0.5877848 -0.8090173 2.510319e-05
vn 0.5877848 0.8090173 -2.510319e-05
vn 0.5877848 0.8090173 -2.496894e-05
vn 0.5877848 0.8090173 -8.567326e-06
vn 0.5877848 0.8090173 8.567326e-06
vn 0.5877848 0.8090173 2.496894e-05
vn 0.5877848 0.8090173 2.510319e-05
vn 0.5877919 -8.791631e-06 -0.8090122
vn 0.6290258 -0.5519139 -0.5474647
vn 0.6306691 0.5420286 0.5553931
vn 0.6374556 0.5493127 0.5402833
vn 0.647241 -0.5303531 -0.5475442
vn 0.6586397 -0.5278983 -0.5362062
vn 0.6772844 -0.7357213 0
vn 0.6772844 0.7357213 0
vn 0.6788008 -0.7343225 -0.0001947971
vn 0.6788008 -6.753652e-05 0.7343225
vn 0.67882 6.941612e-05 -0.7343048
vn 0.6891707 -0.5088184 -0.515895
vn 0.7071114 -0.4999946 -0.4999989
vn 0.7492622 -0.4683031 -0.468293
vn 0.7492687 0.4682929 0.4682929
vn 0.7761163 -0.6305898 -0.0003737345
vn 0.7773771 -0.4415892 -0.4479775
vn 0.7891416 -0.6142113 0
vn 0.7891416 0.6142113 0
vn 0.8028785 -0.423866 -0.4191941
vn 0.8090146 -8.758172e-06 -0.5877886
vn 0.8090146 8.758172e-06 -0.5877886
vn 0.8090234 -0.0001858273 -0.5877764
vn 0.8090234 8.819577e-06 -0.5877764
vn 0.8090258 -0.5877731 -2.516652e-05
vn 0.8090258 -0.5877731 -2.503194e-05
vn 0.8090258 -0.5877731 -8.58894e-06
vn 0.8090258 -0.5877731 8.58894e-06
vn 0.8090258 -0.5877731 2.503194e-05
vn 0.8090258 -0.5877731 2.516652e-05
vn 0.8090258 -8.743209e-06 0.5877731
vn 0.8090258 8.743209e-06 0.5877731
vn 0.8090257 0.587773 -0.0005246465
vn 0.8090257 0.587773 -0.0005218409
vn 0.8090258 0.5877731 -0.0001790537
vn 0.8090258 0.5877731 8.58894e-06
vn 0.8090258 0.5877731 2.503194e-05
vn 0.8090258 0.5877731 2.516652e-05
vn 0.8204 0.57179 1.931396e-05
vn 0.8231205 0.3967492 0.4062791
vn 0.8253362 -0.5646416 -1.702702e-05
vn 0.8256413 0.3986982 0.3991946
vn 0.8364036 -0.3875742 -0.3875761
vn 0.8368786 0.5473886 3.527311e-05
vn 0.8368786 0.5473886 0.0001028013
vn 0.8368786 0.5473886 0.000103354
vn 0.8368869 3.666346e-05 -0.5473759
vn 0.8386652 0.38067 0.3895265
vn 0.8422179 0.5391374 3.3711e-05
vn 0.8465595 -0.5322942 -5.582417e-05
vn 0.8539155 -0.5204118 -9.612037e-05
vn 0.8539155 -0.5204118 -9.560633e-05
vn 0.8577257 0.5141076 9.389484e-05
vn 0.8703873 0.3481604 0.3481529
vn 0.8703883 -0.3481591 -0.3481516
vn 0.8703883 -0.3481553 -0.3481553
vn 0.8703883 0.3481553 0.3481553
vn 0.879472 -0.4759506 0
vn 0.879472 0.4759506 0
vn 0.8812533 8.452499e-05 0.4726443
vn 0.8812549 -0.4726414 0.0002439849
vn 0.8812604 -8.684902e-05 -0.4726312
vn 0.8819336 -0.4713736 -0.0002610821
vn 0.8899524 -0.3215415 -0.323413
vn 0.8997452 -5.395517e-05 -0.4364156
vn 0.8997597 -0.4363857 -5.178434e-05
vn 0.8997597 -0.4363857 5.178434e-05
vn 0.8997598 -0.4363856 0.0001509223
vn 0.8997597 5.221327e-05 0.4363857
vn 0.9290417 -0.2616119 -0.2616119
vn 0.9297883 -0.2602823 -0.2602823
vn 0.9312125 -1.772319e-05 -0.3644767
vn 0.9312148 -0.3644708 1.698179e-05
vn 0.9312148 -0.3644708 4.94924e-05
vn 0.9312148 -0.3644708 4.975849e-05
vn 0.9312148 0.3644708 -4.975849e-05
vn 0.9312148 0.3644708 -4.94924e-05
vn 0.9312148 0.3644708 -1.698179e-05
vn 0.9327013 -0.3606498 -1.821879e-05
vn 0.9431094 0.3324827 7.152334e-05
vn 0.9431093 0.3324827 0.0002084504
vn 0.9431093 0.3324827 0.000209571
vn 0.943119 7.438788e-05 -0.3324554
vn 0.9458151 -0.3247056 0
vn 0.9458151 0.3247056 0
vn 0.9473169 -0.320298 -0.000168329
vn 0.9476188 -0.3194035 -0.0001944333
vn 0.9510579 -0.3090128 -9.895898e-05
vn 0.9569365 -0.2902972 -9.998371e-05
vn 0.9569364 -3.459871e-05 0.2902978
vn 0.9606512 0.1860345 0.2062535
vn 0.97071 -0.2402543 3.187648e-05
vn 0.9735014 -0.2286808 1.872208e-05
vn 0.9742483 -2.862238e-05 -0.2254777
vn 0.9742495 0.2254725 -8.064692e-05
vn 0.9742495 0.2254725 -8.021566e-05
vn 0.9742495 0.2254725 -2.752354e-05
vn 0.9764152 2.900081e-05 -0.2159014
vn 0.9789388 -0.204154 -2.458546e-05
vn 0.9828029 -0.1305729 -0.1305729
vn 0.9833054 -0.1286673 -0.1286673
vn 0.9851083 -0.1230835 -0.120051
vn 0.9855025 0.1199685 0.1199685
vn 0.9863616 -0.1645927 0
vn 0.9863616 0.1645927 0
vn 0.990371 -6.206601e-05 0.1384383
vn 0.9916576 -0.1288998 -0.0001341262
vn 0.9918661 -0.1272855 -0.000246894
vn 0.9925804 -0.1215903 -0.0001242785
vn 0.9928929 -0.08415398 -0.08415398
vn 0.9928929 0.08415398 0.08415398
vn 0.9932634 5.475083e-05 -0.1158787
vn 0.9939114 -0.1101827 0
vn 0.9946917 -0.1029002 6.369097e-05
vn 0.9946917 -0.1029002 0.0001856234
vn 0.9946917 -0.1029002 0.0001866214
vn 0.9951859 -0.09800526 0
vn 0.9954237 6.594654e-05 -0.09555944
vn 0.9963428 -0.08544604 0.0001063578
vn 0.9969165 -0.07846962 0
vn 0.9969165 0.07846962 0
vn 0.9969169 0 -0.07846434
vn 0.997965 -0.06376423 -9.29057e-05
vn 0.9979649 -3.307682e-05 -0.06376581
vn 0.997965 -3.217131e-05 0.06376391
vn 0.997965 0.06376423 -9.340519e-05
vn 0.997965 0.06376423 -9.29057e-05
vn 0.997965 0.06376423 -3.187773e-05
vn 0.9980429 0 -0.06253312
vn 0.9980434 -0.06252571 0
vn 0.9980434 0 0.06252599
vn 0.9982178 2.202277e-05 -0.05967562
vn 0.9982181 0.05967213 2.122449e-05
vn 0.9982181 0.05967213 6.185748e-05
vn 0.9982181 0.05967213 6.219005e-05
vn 0.9987962 0 -0.04905343
vn 0.9987966 -0.04904497 0
vn 0.9987966 0 0.04904528
vn 0.9987966 0.04904497 0
vn 0.9989539 -0.03233413 -0.03233413
vn 0.9991931 -0.04016315 0
vn 1 0 0

# VertexData End
# Elements Begin

# Faces (Number of Faces = 2458)

usemtl 1b69d3ac_b93a_4182_86b5_333d6e99d0dd
f 1248/6/707 1246/5/707 1245/7/707
f 1245/7/707 1247/8/707 1248/6/707
f 1246/14/340 2/13/340 1/15/340
f 1/15/340 1245/16/340 1246/14/340
f 2/2/1 4/1/1 3/3/1
f 3/3/1 1/4/1 2/2/1
f 4/10/365 1248/9/365 1247/11/365
f 1247/11/365 3/12/365 4/10/365
f 1/20/353 3/19/353 1247/23/353
f 1247/23/353 1245/24/353 1/20/353
f 1246/18/354 1248/17/354 4/21/354
f 4/21/354 2/22/354 1246/18/354

usemtl b177267a_1260_4ca7_a97f_50f767cb6183
f 541//1 539//52 538//42
f 540//39 539//52 542//1
f 541//1 542//1 539//52
f 542//360 541//360 569//360
f 569//360 570//360 542//360
f 570//707 569//707 567//707
f 567//707 568//707 570//707
f 569//337 541//337 538//374
f 538//374 567//337 569//337
f 552//395 567//337 538//374
f 545//398 552//395 538//374
f 545//398 550//405 552//395
f 570//368 568//368 540//330
f 540//330 542//368 570//368
f 554//307 540//330 568//368
f 546//305 540//330 554//307
f 546//305 554//307 551//298
f 568//346 567//346 553//229
f 553//229 554//237 568//346
f 567//346 552//346 553//229
f 551//167 554//237 553//229
f 554//231 552//231 553//229
f 553//346 552//231 554//231
f 553//229 549//138 551//167
f 549//138 553//229 552//188
f 552//188 550//159 549//138
f 547//130 546//124 551//167
f 546//124 539//52 540//39
f 544//127 546//124 547//130
f 547//130 551//167 549//138
f 549//138 550//159 545//128
f 545//128 544//127 549//138
f 539//52 544//127 545//128
f 545//128 538//42 539//52
f 546//124 544//127 539//52
f 547//130 549//138 544//127
f 505//707 504//707 506//707
f 506//707 507//707 505//707
f 504//353 22//353 24//353
f 24//353 506//353 504//353
f 22//1 23//1 25//1
f 25//1 24//1 22//1
f 23//354 505//354 507//354
f 507//354 25//354 23//354
f 24//365 25//365 507//365
f 507//365 506//365 24//365
f 504//340 505//340 23//340
f 23//340 22//340 504//340
f 857//10 856//4 863//63
f 855//15 863//63 856//4
f 863//63 855//15 864//66
f 871//93 863//63 864//66
f 872//108 871//93 864//66
f 865//45 858//22 857//10
f 863//63 865//45 857//10
f 863//63 873//103 865//45
f 878//140 873//103 871//93
f 863//63 871//93 873//103
f 871//93 881//176 878//140
f 881//176 871//93 872//108
f 872//108 877//145 881//176
f 887//224 893//259 894//253
f 887//224 881//176 877//145
f 887//224 894//253 891//239
f 878//140 881//176 888//180
f 881//176 891//239 896//268
f 896//268 888//180 881//176
f 896//268 891//239 895//274
f 894//253 895//274 891//239
f 891//239 881//176 887//224
f 899//242 898//275 892//200
f 897//248 892//200 898//275
f 892//200 897//248 889//193
f 879//174 882//178 889//193
f 882//178 892//200 889//193
f 890//203 900//260 899//242
f 892//200 890//203 899//242
f 890//203 882//178 880//149
f 875//123 880//149 882//178
f 890//203 892//200 882//178
f 882//178 868//56 875//123
f 868//56 882//178 879//174
f 879//174 874//79 868//56
f 866//50 859//23 860//24
f 866//50 868//56 874//79
f 866//50 860//24 868//56
f 867//55 875//123 868//56
f 868//56 862//34 867//55
f 862//34 868//56 861//26
f 860//24 861//26 868//56
f 1114//700 1113//704 1107//647
f 1112//691 1107//647 1113//704
f 1107//647 1112//691 1104//641
f 1096//603 1099//611 1104//641
f 1099//611 1107//647 1104//641
f 1105//660 1115//686 1114//700
f 1107//647 1105//660 1114//700
f 1099//611 1092//560 1097//598
f 1107//647 1097//598 1105//660
f 1107//647 1099//611 1097//598
f 1096//603 1091//565 1088//538
f 1088//538 1099//611 1096//603
f 1088//538 1082//518 1092//560
f 1088//538 1091//565 1081//482
f 1099//611 1088//538 1092//560
f 1081//482 1073//450 1074//466
f 1088//538 1081//482 1078//498
f 1074//466 1078//498 1081//482
f 1076//464 1078//498 1075//435
f 1074//466 1075//435 1078//498
f 1082//518 1078//498 1076//464
f 1078//498 1082//518 1088//538
f 1071//439 1070//434 1077//511
f 1069//442 1077//511 1070//434
f 1077//511 1069//442 1079//513
f 1089//559 1087//547 1079//513
f 1087//547 1077//511 1079//513
f 1080//487 1072//449 1071//439
f 1077//511 1080//487 1071//439
f 1087//547 1095//590 1090//552
f 1077//511 1090//552 1080//487
f 1077//511 1087//547 1090//552
f 1089//559 1094//595 1098//616
f 1098//616 1087//547 1089//559
f 1098//616 1103//640 1095//590
f 1098//616 1094//595 1102//644
f 1087//547 1098//616 1095//590
f 1102//644 1108//685 1109//674
f 1098//616 1102//644 1106//651
f 1109//674 1106//651 1102//644
f 1111//681 1106//651 1110//702
f 1109//674 1110//702 1106//651
f 1103//640 1106//651 1111//681
f 1106//651 1103//640 1098//616
f 857//10 862//34 861//26
f 862//34 857//10 858//22
f 857//10 861//26 856//4
f 855//15 860//24 859//23
f 860//24 855//15 856//4
f 861//26 860//24 856//4
f 899//242 1076//464 1075//435
f 1076//464 899//242 900//260
f 899//242 1075//435 898//275
f 897//248 1074//466 1073//450
f 1074//466 897//248 898//275
f 1075//435 1074//466 898//275
f 1115//686 1111//681 1110//702
f 1110//702 1114//700 1115//686
f 1114//700 1110//702 1109//674
f 1113//704 1109//674 1108//685
f 1108//685 1112//691 1113//704
f 1114//700 1109//674 1113//704
f 1071//439 896//268 895//274
f 896//268 1071//439 1072//449
f 1071//439 895//274 1070//434
f 1069//442 894//253 893//259
f 894//253 1069//442 1070//434
f 895//274 894//253 1070//434
f 1094//353 1108//353 1102//353
f 1108//353 1094//353 1089//353
f 1108//353 1079//353 1069//353
f 1108//353 1089//353 1079//353
f 1112//353 1108//353 1069//353
f 1096//353 1104//353 1112//353
f 1096//353 1112//353 1091//353
f 1112//353 1081//353 1091//353
f 1081//353 1112//353 1073//353
f 1073//353 1112//353 1069//353
f 1073//353 1069//353 897//353
f 887//353 855//353 893//353
f 877//353 855//353 887//353
f 864//353 855//353 872//353
f 877//353 872//353 855//353
f 859//353 893//353 855//353
f 889//353 859//353 879//353
f 889//353 897//353 859//353
f 874//353 859//353 866//353
f 879//353 859//353 874//353
f 859//353 897//353 893//353
f 1069//353 893//353 897//353
f 873//354 858//354 865//354
f 858//354 873//354 878//354
f 858//354 888//354 896//354
f 858//354 878//354 888//354
f 862//354 858//354 896//354
f 875//354 867//354 862//354
f 875//354 862//354 880//354
f 862//354 890//354 880//354
f 890//354 862//354 900//354
f 900//354 862//354 896//354
f 900//354 896//354 1076//354
f 1080//354 1111//354 1072//354
f 1090//354 1111//354 1080//354
f 1103//354 1111//354 1095//354
f 1090//354 1095//354 1111//354
f 1115//354 1072//354 1111//354
f 1082//354 1115//354 1092//354
f 1082//354 1076//354 1115//354
f 1097//354 1115//354 1105//354
f 1092//354 1115//354 1097//354
f 1115//354 1076//354 1072//354
f 896//354 1072//354 1076//354
f 502//698 501//704 481//645
f 500//693 481//645 501//704
f 481//645 500//693 478//643
f 472//601 475//609 478//643
f 475//609 481//645 478//643
f 479//662 503//686 502//698
f 481//645 479//662 502//698
f 475//609 469//562 473//600
f 481//645 473//600 479//662
f 481//645 475//609 473//600
f 472//601 468//563 465//540
f 465//540 475//609 472//601
f 465//540 463//516 469//562
f 465//540 468//563 462//484
f 475//609 465//540 469//562
f 462//484 454//450 455//469
f 465//540 462//484 459//499
f 455//469 459//499 462//484
f 457//462 459//499 456//435
f 455//469 456//435 459//499
f 463//516 459//499 457//462
f 459//499 463//516 465//540
f 502//698 485//695 484//702
f 485//695 502//698 503//686
f 502//698 484//702 501//704
f 483//702 482//695 500//693
f 500//693 501//704 483//702
f 484//702 483//702 501//704
f 452//457 451//434 458//497
f 450//461 458//497 451//434
f 458//497 450//461 460//515
f 466//557 464//535 460//515
f 464//535 458//497 460//515
f 461//481 453//449 452//457
f 458//497 461//481 452//457
f 464//535 471//592 467//556
f 461//481 464//535 467//556
f 461//481 458//497 464//535
f 466//557 470//593 474//606
f 474//606 464//535 466//557
f 474//606 477//632 471//592
f 474//606 470//593 476//631
f 464//535 474//606 471//592
f 476//631 482//695 480//678
f 480//678 474//606 476//631
f 483//702 480//678 482//695
f 485//695 480//678 484//702
f 483//702 484//702 480//678
f 485//695 477//632 474//606
f 474//606 480//678 485//695
f 74//245 73//274 452//457
f 452//457 453//449 74//245
f 451//434 452//457 73//274
f 73//274 72//274 451//434
f 72//274 71//264 450//461
f 450//461 451//434 72//274
f 36//8 35//4 47//61
f 34//17 47//61 35//4
f 47//61 34//17 49//68
f 53//102 47//61 49//68
f 55//106 53//102 49//68
f 50//47 37//22 36//8
f 47//61 50//47 36//8
f 53//102 60//142 56//105
f 47//61 56//105 50//47
f 47//61 53//102 56//105
f 55//106 59//143 63//170
f 63//170 53//102 55//106
f 63//170 66//190 60//142
f 63//170 59//143 65//202
f 53//102 63//170 60//142
f 71//264 69//207 65//202
f 63//170 65//202 69//207
f 72//274 69//207 71//264
f 74//245 69//207 73//274
f 72//274 73//274 69//207
f 66//190 69//207 74//245
f 69//207 66//190 63//170
f 36//8 41//27 40//6
f 41//27 36//8 37//22
f 36//8 40//6 39//6
f 35//4 39//6 38//2
f 38//2 34//17 35//4
f 36//8 39//6 35//4
f 77//270 76//275 70//197
f 75//267 70//197 76//275
f 70//197 75//267 67//195
f 61//151 64//160 67//195
f 64//160 70//197 67//195
f 68//222 78//260 77//270
f 70//197 68//222 77//270
f 64//160 58//113 62//148
f 70//197 62//148 68//222
f 70//197 64//160 62//148
f 61//151 57//114 54//92
f 54//92 64//160 61//151
f 54//92 52//69 58//113
f 54//92 57//114 51//75
f 64//160 54//92 58//113
f 51//75 38//2 48//43
f 48//43 54//92 51//75
f 39//6 48//43 38//2
f 41//27 48//43 40//6
f 39//6 40//6 48//43
f 52//69 48//43 41//27
f 48//43 52//69 54//92
f 457//462 456//435 77//270
f 77//270 78//260 457//462
f 76//275 77//270 456//435
f 456//435 455//469 76//275
f 455//469 454//450 75//267
f 75//267 76//275 455//469
f 57//353 38//353 51//353
f 38//353 57//353 61//353
f 38//353 67//353 75//353
f 38//353 61//353 67//353
f 34//353 38//353 75//353
f 55//353 49//353 34//353
f 55//353 34//353 59//353
f 34//353 65//353 59//353
f 65//353 34//353 71//353
f 71//353 34//353 75//353
f 71//353 75//353 454//353
f 462//353 500//353 454//353
f 468//353 500//353 462//353
f 478//353 500//353 472//353
f 468//353 472//353 500//353
f 450//353 454//353 500//353
f 460//353 482//353 466//353
f 460//353 450//353 482//353
f 470//353 482//353 476//353
f 466//353 482//353 470//353
f 482//353 450//353 500//353
f 71//353 454//353 450//353
f 473//354 503//354 479//354
f 503//354 473//354 469//354
f 503//354 463//354 457//354
f 503//354 469//354 463//354
f 485//354 503//354 457//354
f 471//354 477//354 485//354
f 471//354 485//354 467//354
f 485//354 461//354 467//354
f 461//354 485//354 453//354
f 453//354 485//354 457//354
f 453//354 457//354 74//354
f 68//354 41//354 78//354
f 62//354 41//354 68//354
f 52//354 41//354 58//354
f 62//354 58//354 41//354
f 37//354 78//354 41//354
f 66//354 37//354 60//354
f 66//354 74//354 37//354
f 56//354 37//354 50//354
f 60//354 37//354 56//354
f 37//354 74//354 78//354
f 457//354 78//354 74//354
f 393//700 392//704 386//647
f 391//691 386//647 392//704
f 386//647 391//691 384//641
f 378//614 386//647 384//641
f 376//603 378//614 384//641
f 385//660 394//686 393//700
f 386//647 385//660 393//700
f 386//647 377//598 385//660
f 372//560 377//598 378//614
f 386//647 378//614 377//598
f 378//614 368//532 372//560
f 368//532 378//614 376//603
f 376//603 371//565 368//532
f 361//482 353//450 354//456
f 361//482 368//532 371//565
f 361//482 354//456 358//470
f 372//560 368//532 362//529
f 368//532 358//470 356//441
f 356//441 362//529 368//532
f 356//441 358//470 355//435
f 354//456 355//435 358//470
f 358//470 368//532 361//482
f 351//467 350//434 357//508
f 349//460 357//508 350//434
f 357//508 349//460 359//513
f 369//534 367//530 359//513
f 367//530 357//508 359//513
f 360//504 352//449 351//467
f 357//508 360//504 351//467
f 360//504 367//530 370//555
f 375//581 370//555 367//530
f 360//504 357//508 367//530
f 367//530 381//652 375//581
f 381//652 367//530 369//534
f 369//534 374//628 381//652
f 382//657 387//685 388//684
f 382//657 381//652 374//628
f 382//657 388//684 381//652
f 383//653 375//581 381//652
f 381//652 390//673 383//653
f 390//673 381//652 389//682
f 388//684 389//682 381//652
f 136//10 135//4 142//63
f 134//15 142//63 135//4
f 142//63 134//15 144//66
f 152//108 150//97 144//66
f 150//97 142//63 144//66
f 145//45 137//22 136//10
f 142//63 145//45 136//10
f 150//97 158//140 153//103
f 142//63 153//103 145//45
f 142//63 150//97 153//103
f 152//108 157//145 161//168
f 161//168 150//97 152//108
f 161//168 168//192 158//140
f 161//168 157//145 167//224
f 150//97 161//168 158//140
f 167//224 173//259 174//243
f 161//168 167//224 171//209
f 174//243 171//209 167//224
f 176//247 171//209 175//274
f 174//243 175//274 171//209
f 168//192 171//209 176//247
f 171//209 168//192 161//168
f 179//272 178//275 172//199
f 177//265 172//199 178//275
f 172//199 177//265 169//193
f 159//153 162//162 169//193
f 162//162 172//199 169//193
f 170//220 180//260 179//272
f 172//199 170//220 179//272
f 162//162 155//111 160//146
f 172//199 160//146 170//220
f 172//199 162//162 160//146
f 159//153 154//116 151//90
f 151//90 162//162 159//153
f 151//90 147//71 155//111
f 151//90 154//116 146//65
f 162//162 151//90 155//111
f 146//65 138//23 139//33
f 151//90 146//65 143//57
f 139//33 143//57 146//65
f 141//29 143//57 140//6
f 139//33 140//6 143//57
f 147//71 143//57 141//29
f 143//57 147//71 151//90
f 393//700 390//673 389//682
f 390//673 393//700 394//686
f 393//700 389//682 392//704
f 391//691 388//684 387//685
f 388//684 391//691 392//704
f 389//682 388//684 392//704
f 351//467 176//247 175//274
f 176//247 351//467 352//449
f 351//467 175//274 350//434
f 349//460 174//243 173//259
f 174//243 349//460 350//434
f 175//274 174//243 350//434
f 137//22 141//29 140//6
f 140//6 136//10 137//22
f 136//10 140//6 139//33
f 135//4 139//33 138//23
f 138//23 134//15 135//4
f 136//10 139//33 135//4
f 179//272 356//441 355//435
f 356//441 179//272 180//260
f 179//272 355//435 178//275
f 177//265 354//456 353//450
f 354//456 177//265 178//275
f 355//435 354//456 178//275
f 154//353 138//353 146//353
f 138//353 154//353 159//353
f 138//353 169//353 177//353
f 138//353 159//353 169//353
f 134//353 138//353 177//353
f 152//353 144//353 134//353
f 152//353 134//353 157//353
f 134//353 167//353 157//353
f 167//353 134//353 173//353
f 173//353 134//353 177//353
f 173//353 177//353 349//353
f 361//353 391//353 353//353
f 371//353 391//353 361//353
f 384//353 391//353 376//353
f 371//353 376//353 391//353
f 387//353 353//353 391//353
f 359//353 387//353 369//353
f 359//353 349//353 387//353
f 374//353 387//353 382//353
f 369//353 387//353 374//353
f 387//353 349//353 353//353
f 177//353 353//353 349//353
f 377//354 394//354 385//354
f 394//354 377//354 372//354
f 394//354 362//354 356//354
f 394//354 372//354 362//354
f 390//354 394//354 356//354
f 375//354 383//354 390//354
f 375//354 390//354 370//354
f 390//354 360//354 370//354
f 360//354 390//354 352//354
f 352//354 390//354 356//354
f 352//354 356//354 176//354
f 170//354 141//354 180//354
f 160//354 141//354 170//354
f 147//354 141//354 155//354
f 160//354 155//354 141//354
f 137//354 180//354 141//354
f 168//354 137//354 158//354
f 168//354 176//354 137//354
f 153//354 137//354 145//354
f 158//354 137//354 153//354
f 137//354 176//354 180//354
f 356//354 180//354 176//354
f 981//491 751//491 763//491
f 763//491 983//491 981//491
f 752//707 753//707 761//707
f 762//707 750//707 752//707
f 760//707 753//707 754//707
f 755//707 756//707 754//707
f 754//707 756//707 757//707
f 763//707 751//707 750//707
f 760//707 761//707 753//707
f 761//707 762//707 752//707
f 759//707 757//707 758//707
f 759//707 754//707 757//707
f 754//707 759//707 760//707
f 763//707 750//707 762//707
f 986//365 985//365 724//365
f 724//365 725//365 986//365
f 985//353 984//353 723//353
f 723//353 724//353 985//353
f 741//363 763//365 762//362
f 983//365 741//363 984//365
f 741//363 983//365 763//365
f 723//365 741//363 729//363
f 729//363 722//303 723//365
f 984//365 741//363 723//365
f 740//355 728//355 734//409
f 715//296 734//409 728//355
f 734//409 715//296 718//311
f 735//408 734//409 718//311
f 718//311 719//386 735//408
f 734//409 735//408 759//293
f 759//293 758//415 734//409
f 734//409 757//411 740//355
f 734//409 758//415 757//411
f 760//320 759//293 735//408
f 760//320 735//408 736//414
f 736//414 735//408 719//386
f 719//386 720//387 736//414
f 722//303 737//292 721//301
f 721//301 736//414 720//387
f 722//303 729//363 737//292
f 761//406 760//320 736//414
f 736//414 737//292 762//362
f 762//362 761//406 736//414
f 762//362 737//292 741//363
f 729//363 741//363 737//292
f 737//292 736//414 721//301
f 756//403 739//352 740//355
f 740//355 757//411 756//403
f 728//355 740//355 739//352
f 739//352 727//352 728//355
f 728//355 727//352 702//302
f 702//302 715//296 728//355
f 738//341 726//341 730//381
f 696//294 730//381 726//341
f 730//381 696//294 698//309
f 731//399 730//381 698//309
f 699//384 731//399 698//309
f 730//381 750//402 738//341
f 730//381 752//393 750//402
f 731//399 754//317 753//316
f 752//393 731//399 753//316
f 752//393 730//381 731//399
f 699//384 700//385 732//412
f 732//412 731//399 699//384
f 732//412 755//394 754//317
f 732//412 700//385 701//300
f 731//399 732//412 754//317
f 702//302 733//304 701//300
f 732//412 701//300 733//304
f 727//352 733//304 702//302
f 756//403 733//304 739//352
f 727//352 739//352 733//304
f 755//394 733//304 756//403
f 733//304 755//394 732//412
f 738//341 751//340 981//340
f 738//341 750//402 751//340
f 738//341 981//340 982//340
f 726//341 738//341 697//340
f 982//340 697//340 738//341
f 697//340 696//294 726//341
f 982//353 979//353 694//353
f 694//353 697//353 982//353
f 979//340 980//340 695//340
f 695//340 694//340 979//340
f 980//354 986//354 725//354
f 725//354 695//354 980//354
f 694//1 695//1 697//1
f 695//1 725//1 723//1
f 723//1 697//1 695//1
f 696//1 702//1 698//1
f 715//1 702//1 696//1
f 700//1 699//1 702//1
f 702//1 701//1 700//1
f 702//1 699//1 698//1
f 723//1 696//1 697//1
f 722//1 721//1 715//1
f 724//1 723//1 725//1
f 715//1 696//1 722//1
f 721//1 720//1 715//1
f 719//1 718//1 715//1
f 720//1 719//1 715//1
f 723//1 722//1 696//1
f 984//707 985//707 986//707
f 981//707 983//707 984//707
f 984//707 982//707 981//707
f 982//707 984//707 986//707
f 986//707 980//707 982//707
f 979//707 982//707 980//707
f 748//8 747//4 768//61
f 746//17 768//61 747//4
f 768//61 746//17 770//68
f 776//106 774//95 770//68
f 774//95 768//61 770//68
f 771//47 749//22 748//8
f 768//61 771//47 748//8
f 774//95 781//142 777//105
f 768//61 777//105 771//47
f 768//61 774//95 777//105
f 776//106 780//143 784//170
f 784//170 774//95 776//106
f 784//170 787//190 781//142
f 784//170 780//143 786//226
f 774//95 784//170 781//142
f 786//226 792//259 793//240
f 784//170 786//226 790//210
f 793//240 790//210 786//226
f 795//245 790//210 794//274
f 793//240 794//274 790//210
f 787//190 790//210 795//245
f 790//210 787//190 784//170
f 748//8 767//13 766//6
f 767//13 748//8 749//22
f 748//8 766//6 747//4
f 765//6 764//13 746//17
f 746//17 747//4 765//6
f 766//6 765//6 747//4
f 798//252 797//275 791//211
f 796//249 791//211 797//275
f 791//211 796//249 788//195
f 782//151 785//173 788//195
f 785//173 791//211 788//195
f 789//227 799//260 798//252
f 791//211 789//227 798//252
f 785//173 779//113 783//150
f 789//227 785//173 783//150
f 789//227 791//211 785//173
f 782//151 778//114 775//100
f 775//100 785//173 782//151
f 775//100 773//76 779//113
f 775//100 778//114 772//75
f 785//173 775//100 779//113
f 772//75 764//13 769//30
f 769//30 775//100 772//75
f 765//6 769//30 764//13
f 767//13 769//30 766//6
f 765//6 766//6 769//30
f 767//13 773//76 775//100
f 775//100 769//30 767//13
f 1178//462 1177//435 798//252
f 798//252 799//260 1178//462
f 797//275 798//252 1177//435
f 1177//435 1176//435 797//275
f 1176//435 1175//446 796//249
f 796//249 797//275 1176//435
f 1214//698 1213//704 1202//645
f 1212//693 1202//645 1213//704
f 1202//645 1212//693 1199//643
f 1196//604 1202//645 1199//643
f 1193//601 1196//604 1199//643
f 1200//662 1215//686 1214//698
f 1202//645 1200//662 1214//698
f 1196//604 1190//562 1194//600
f 1202//645 1194//600 1200//662
f 1202//645 1196//604 1194//600
f 1193//601 1189//563 1186//540
f 1186//540 1196//604 1193//601
f 1186//540 1184//516 1190//562
f 1186//540 1189//563 1183//507
f 1196//604 1186//540 1190//562
f 1175//446 1180//500 1183//507
f 1186//540 1183//507 1180//500
f 1176//435 1180//500 1175//446
f 1178//462 1180//500 1177//435
f 1176//435 1177//435 1180//500
f 1184//516 1180//500 1178//462
f 1180//500 1184//516 1186//540
f 1214//698 1211//679 1210//702
f 1211//679 1214//698 1215//686
f 1214//698 1210//702 1209//702
f 1213//704 1209//702 1208//706
f 1208//706 1212//693 1213//704
f 1214//698 1209//702 1213//704
f 1173//437 1172//434 1179//509
f 1171//444 1179//509 1172//434
f 1179//509 1171//444 1181//515
f 1187//557 1185//545 1181//515
f 1185//545 1179//509 1181//515
f 1182//489 1174//449 1173//437
f 1179//509 1182//489 1173//437
f 1185//545 1192//592 1188//554
f 1179//509 1188//554 1182//489
f 1179//509 1185//545 1188//554
f 1187//557 1191//593 1195//615
f 1195//615 1185//545 1187//557
f 1195//615 1198//638 1192//592
f 1195//615 1191//593 1197//631
f 1185//545 1195//615 1192//592
f 1197//631 1208//706 1201//664
f 1201//664 1195//615 1197//631
f 1209//702 1201//664 1208//706
f 1211//679 1201//664 1210//702
f 1209//702 1210//702 1201//664
f 1198//638 1201//664 1211//679
f 1201//664 1198//638 1195//615
f 795//245 794//274 1173//437
f 1173//437 1174//449 795//245
f 1172//434 1173//437 794//274
f 794//274 793//240 1172//434
f 793//240 792//259 1171//444
f 1171//444 1172//434 793//240
f 1191//353 1208//353 1197//353
f 1208//353 1191//353 1187//353
f 1208//353 1181//353 1171//353
f 1208//353 1187//353 1181//353
f 1212//353 1208//353 1171//353
f 1193//353 1199//353 1212//353
f 1193//353 1212//353 1189//353
f 1212//353 1183//353 1189//353
f 1183//353 1212//353 1175//353
f 1175//353 1212//353 1171//353
f 1175//353 1171//353 792//353
f 786//353 746//353 792//353
f 780//353 746//353 786//353
f 770//353 746//353 776//353
f 780//353 776//353 746//353
f 796//353 792//353 746//353
f 788//353 764//353 782//353
f 788//353 796//353 764//353
f 778//353 764//353 772//353
f 782//353 764//353 778//353
f 764//353 796//353 746//353
f 1175//353 792//353 796//353
f 777//354 749//354 771//354
f 749//354 777//354 781//354
f 749//354 787//354 795//354
f 749//354 781//354 787//354
f 767//354 749//354 795//354
f 779//354 773//354 767//354
f 779//354 767//354 783//354
f 767//354 789//354 783//354
f 789//354 767//354 799//354
f 799//354 767//354 795//354
f 799//354 795//354 1178//354
f 1182//354 1211//354 1174//354
f 1188//354 1211//354 1182//354
f 1198//354 1211//354 1192//354
f 1188//354 1192//354 1211//354
f 1215//354 1174//354 1211//354
f 1184//354 1215//354 1190//354
f 1184//354 1178//354 1215//354
f 1194//354 1215//354 1200//354
f 1190//354 1215//354 1194//354
f 1215//354 1178//354 1174//354
f 795//354 1174//354 1178//354
f 802//9 801//4 808//62
f 800//16 808//62 801//4
f 808//62 800//16 810//67
f 816//107 814//89 810//67
f 814//89 808//62 810//67
f 811//46 803//22 802//9
f 808//62 811//46 802//9
f 814//89 821//141 817//104
f 808//62 817//104 811//46
f 808//62 814//89 817//104
f 816//107 820//144 824//175
f 824//175 814//89 816//107
f 824//175 836//179 821//141
f 824//175 820//144 835//225
f 814//89 824//175 821//141
f 835//225 842//236 824//175
f 835//225 846//259 847//241
f 847//241 842//236 835//225
f 849//268 842//236 848//274
f 847//241 848//274 842//236
f 849//268 836//179 824//175
f 824//175 842//236 849//268
f 806//6 802//9 803//22
f 803//22 807//13 806//6
f 802//9 806//6 805//6
f 805//6 801//4 802//9
f 804//20 800//16 801//4
f 801//4 805//6 804//20
f 852//271 851//275 843//204
f 850//266 843//204 851//275
f 843//204 850//266 837//194
f 837//194 822//152 825//165
f 843//204 837//194 825//165
f 843//204 825//165 823//133
f 823//133 838//235 843//204
f 838//235 853//260 852//271
f 843//204 838//235 852//271
f 819//112 823//133 825//165
f 819//112 825//165 815//81
f 815//81 825//165 822//152
f 822//152 818//115 815//81
f 804//20 809//35 812//54
f 812//54 815//81 818//115
f 804//20 805//6 809//35
f 813//77 819//112 815//81
f 815//81 809//35 807//13
f 807//13 813//77 815//81
f 807//13 809//35 806//6
f 805//6 806//6 809//35
f 809//35 815//81 812//54
f 1123//435 852//271 853//260
f 853//260 1124//463 1123//435
f 852//271 1123//435 1122//435
f 1122//435 851//275 852//271
f 1121//445 850//266 851//275
f 851//275 1122//435 1121//445
f 1169//699 1168//704 1162//646
f 1167//692 1162//646 1168//704
f 1162//646 1167//692 1159//642
f 1153//602 1156//610 1159//642
f 1156//610 1162//646 1159//642
f 1160//661 1170//686 1169//699
f 1162//646 1160//661 1169//699
f 1156//610 1150//561 1154//599
f 1162//646 1154//599 1160//661
f 1162//646 1156//610 1154//599
f 1153//602 1149//564 1146//539
f 1146//539 1156//610 1153//602
f 1146//539 1135//517 1150//561
f 1146//539 1149//564 1134//506
f 1156//610 1146//539 1150//561
f 1121//445 1128//501 1134//506
f 1146//539 1134//506 1128//501
f 1122//435 1128//501 1121//445
f 1124//463 1128//501 1123//435
f 1122//435 1123//435 1128//501
f 1135//517 1128//501 1124//463
f 1128//501 1135//517 1146//539
f 1170//686 1166//680 1165//702
f 1165//702 1169//699 1170//686
f 1169//699 1165//702 1164//702
f 1164//702 1168//704 1169//699
f 1168//704 1164//702 1163//688
f 1163//688 1167//692 1168//704
f 1119//438 1118//434 1127//510
f 1117//443 1127//510 1118//434
f 1127//510 1117//443 1132//514
f 1147//558 1145//546 1132//514
f 1145//546 1127//510 1132//514
f 1133//488 1120//449 1119//438
f 1127//510 1133//488 1119//438
f 1145//546 1152//591 1148//553
f 1127//510 1148//553 1133//488
f 1127//510 1145//546 1148//553
f 1147//558 1151//594 1155//617
f 1155//617 1145//546 1147//558
f 1155//617 1158//639 1152//591
f 1155//617 1151//594 1157//654
f 1145//546 1155//617 1152//591
f 1163//688 1161//658 1157//654
f 1155//617 1157//654 1161//658
f 1164//702 1161//658 1163//688
f 1166//680 1161//658 1165//702
f 1164//702 1165//702 1161//658
f 1158//639 1161//658 1166//680
f 1161//658 1158//639 1155//617
f 849//268 848//274 1119//438
f 1119//438 1120//449 849//268
f 1118//434 1119//438 848//274
f 848//274 847//241 1118//434
f 847//241 846//259 1117//443
f 1117//443 1118//434 847//241
f 1151//353 1163//353 1157//353
f 1163//353 1151//353 1147//353
f 1163//353 1132//353 1117//353
f 1163//353 1147//353 1132//353
f 1167//353 1163//353 1117//353
f 1153//353 1159//353 1167//353
f 1153//353 1167//353 1149//353
f 1167//353 1134//353 1149//353
f 1134//353 1167//353 1121//353
f 1121//353 1167//353 1117//353
f 1121//353 1117//353 846//353
f 835//353 800//353 846//353
f 820//353 800//353 835//353
f 810//353 800//353 816//353
f 820//353 816//353 800//353
f 804//353 846//353 800//353
f 837//353 804//353 822//353
f 837//353 850//353 804//353
f 818//353 804//353 812//353
f 822//353 804//353 818//353
f 804//353 850//353 846//353
f 1121//353 846//353 850//353
f 817//354 803//354 811//354
f 803//354 817//354 821//354
f 803//354 836//354 849//354
f 803//354 821//354 836//354
f 853//354 803//354 849//354
f 819//354 813//354 807//354
f 819//354 807//354 823//354
f 807//354 838//354 823//354
f 838//354 807//354 853//354
f 853//354 807//354 803//354
f 853//354 849//354 1124//354
f 1133//354 1166//354 1120//354
f 1148//354 1166//354 1133//354
f 1158//354 1166//354 1152//354
f 1148//354 1152//354 1166//354
f 1124//354 1120//354 1166//354
f 1135//354 1170//354 1150//354
f 1135//354 1124//354 1170//354
f 1154//354 1170//354 1160//354
f 1150//354 1170//354 1154//354
f 1170//354 1124//354 1166//354
f 849//354 1120//354 1124//354
f 364//440 365//436 373//502
f 366//447 373//502 365//436
f 373//502 366//447 380//512
f 380//512 405//550 395//541
f 373//502 380//512 395//541
f 373//502 395//541 404//576
f 404//576 379//474 373//502
f 379//474 363//451 364//440
f 373//502 379//474 364//440
f 408//589 404//576 395//541
f 408//589 395//541 410//627
f 410//627 395//541 405//550
f 405//550 409//586 410//627
f 416//663 422//687 421//683
f 416//663 410//627 409//586
f 416//663 421//683 417//677
f 408//589 410//627 415//630
f 410//627 417//677 418//694
f 418//694 415//630 410//627
f 418//694 417//677 420//701
f 421//683 420//701 417//677
f 417//677 410//627 416//663
f 107//11 108//7 111//60
f 109//19 111//60 108//7
f 111//60 109//19 113//72
f 120//119 118//94 113//72
f 118//94 111//60 113//72
f 112//48 105//21 107//11
f 111//60 112//48 107//11
f 118//94 123//139 119//118
f 111//60 119//118 112//48
f 111//60 118//94 119//118
f 120//119 124//154 133//171
f 133//171 118//94 120//119
f 133//171 148//196 123//139
f 133//171 124//154 149//223
f 118//94 133//171 123//139
f 149//223 156//212 133//171
f 149//223 166//258 165//261
f 165//261 156//212 149//223
f 163//244 156//212 164//273
f 165//261 164//273 156//212
f 148//196 156//212 163//244
f 156//212 148//196 133//171
f 419//707 418//694 420//701
f 421//683 419//707 420//701
f 423//707 421//683 422//687
f 419//707 421//683 423//707
f 364//440 163//244 164//273
f 163//244 364//440 363//451
f 364//440 164//273 365//436
f 166//258 366//447 365//436
f 365//436 165//261 166//258
f 164//273 165//261 365//436
f 105//21 106//1 107//11
f 108//7 107//11 106//1
f 109//19 108//7 110//1
f 106//1 110//1 108//7
f 106//354 419//354 423//354
f 423//354 110//354 106//354
f 166//365 113//365 109//365
f 120//365 113//365 166//365
f 366//365 166//365 109//365
f 120//365 166//365 124//365
f 124//365 166//365 149//365
f 109//365 110//365 423//365
f 423//365 422//365 109//365
f 416//365 409//365 366//365
f 422//365 416//365 366//365
f 109//365 422//365 366//365
f 380//365 366//365 405//365
f 405//365 366//365 409//365
f 363//340 415//340 418//340
f 408//340 415//340 363//340
f 105//340 363//340 418//340
f 408//340 363//340 404//340
f 404//340 363//340 379//340
f 418//340 419//340 106//340
f 106//340 105//340 418//340
f 112//340 119//340 163//340
f 105//340 112//340 163//340
f 363//340 105//340 163//340
f 148//340 163//340 123//340
f 123//340 163//340 119//340
f 568//1 567//1 569//1
f 569//1 570//1 568//1
f 570//360 569//360 602//360
f 602//360 603//360 570//360
f 567//346 588//486 587//475
f 589//475 588//486 568//346
f 567//346 568//346 588//486
f 597//334 599//380 587//325
f 602//366 569//366 567//366
f 567//366 599//380 602//366
f 587//325 599//380 567//366
f 592//312 597//334 587//325
f 598//371 589//376 601//323
f 603//338 601//323 568//338
f 568//338 570//338 603//338
f 589//376 568//338 601//323
f 594//391 589//376 598//371
f 603//707 602//707 600//667
f 600//667 601//675 603//707
f 602//707 599//707 600//667
f 598//629 601//675 600//667
f 601//666 599//666 600//667
f 600//707 599//666 601//666
f 596//582 598//629 600//667
f 596//582 600//667 599//636
f 599//636 597//585 596//582
f 594//571 598//629 596//582
f 594//571 588//486 589//475
f 594//571 596//582 591//570
f 591//570 596//582 593//577
f 597//585 593//577 596//582
f 592//567 593//577 597//585
f 591//570 593//577 592//567
f 592//567 588//486 591//570
f 594//571 591//570 588//486
f 588//486 592//567 587//475
f 717//365 716//430 693//363
f 669//365 717//365 693//363
f 693//363 681//363 669//365
f 669//365 681//363 668//364
f 692//422 680//355 686//424
f 662//278 686//424 680//355
f 686//424 662//278 663//286
f 664//419 687//427 663//286
f 687//427 686//424 663//286
f 711//426 710//357 692//422
f 686//424 711//426 692//422
f 687//427 713//290 712//288
f 711//426 687//427 712//288
f 711//426 686//424 687//427
f 664//419 665//417 688//281
f 688//281 687//427 664//419
f 688//281 714//420 713//290
f 688//281 665//417 666//282
f 687//427 688//281 713//290
f 666//282 668//364 689//280
f 689//280 688//281 666//282
f 681//363 689//280 668//364
f 716//430 689//280 693//363
f 681//363 693//363 689//280
f 714//420 689//280 716//430
f 689//280 714//420 688//281
f 691//352 692//422 710//357
f 710//357 709//431 691//352
f 692//422 691//352 679//352
f 679//352 680//355 692//422
f 661//285 662//278 680//355
f 680//355 679//352 661//285
f 690//429 678//341 682//423
f 655//279 682//423 678//341
f 682//423 655//279 657//287
f 683//428 682//423 657//287
f 658//416 683//428 657//287
f 705//425 703//343 690//429
f 682//423 705//425 690//429
f 683//428 707//289 706//291
f 705//425 683//428 706//291
f 705//425 682//423 683//428
f 658//416 659//418 684//284
f 684//284 683//428 658//416
f 684//284 708//421 707//289
f 684//284 659//418 660//283
f 683//428 684//284 707//289
f 661//285 685//413 660//283
f 684//284 660//283 685//413
f 679//352 685//413 661//285
f 709//431 685//413 691//352
f 679//352 691//352 685//413
f 708//421 685//413 709//431
f 685//413 708//421 684//284
f 703//343 704//340 690//429
f 704//340 656//340 678//341
f 678//341 690//429 704//340
f 655//279 678//341 656//340
f 704//354 717//354 669//354
f 669//354 656//354 704//354
f 661//1 657//1 655//1
f 658//1 657//1 661//1
f 662//1 661//1 655//1
f 658//1 661//1 659//1
f 659//1 661//1 660//1
f 668//1 655//1 656//1
f 666//1 665//1 662//1
f 662//1 668//1 666//1
f 655//1 668//1 662//1
f 663//1 662//1 664//1
f 664//1 662//1 665//1
f 669//1 668//1 656//1
f 710//707 714//707 716//707
f 713//707 714//707 710//707
f 703//707 710//707 716//707
f 713//707 710//707 712//707
f 712//707 710//707 711//707
f 704//707 716//707 717//707
f 705//707 706//707 709//707
f 703//707 705//707 709//707
f 710//707 703//707 709//707
f 708//707 709//707 707//707
f 707//707 709//707 706//707
f 704//707 703//707 716//707
f 885//269 884//273 876//205
f 883//262 876//205 884//273
f 876//205 883//262 869//196
f 869//196 844//155 854//166
f 876//205 869//196 854//166
f 876//205 854//166 845//131
f 845//131 870//234 876//205
f 870//234 886//258 885//269
f 876//205 870//234 885//269
f 841//117 845//131 854//166
f 841//117 854//166 839//80
f 839//80 854//166 844//155
f 844//155 840//120 839//80
f 833//44 826//21 828//25
f 833//44 839//80 840//120
f 833//44 828//25 832//31
f 841//117 839//80 834//78
f 839//80 832//31 830//14
f 830//14 834//78 839//80
f 830//14 832//31 829//7
f 828//25 829//7 832//31
f 832//31 839//80 833//44
f 1142//697 1141//701 1138//648
f 1139//689 1138//648 1141//701
f 1138//648 1139//689 1136//637
f 1129//587 1131//612 1136//637
f 1131//612 1138//648 1136//637
f 1137//659 1143//687 1142//697
f 1138//648 1137//659 1142//697
f 1131//612 1126//566 1130//588
f 1138//648 1130//588 1137//659
f 1138//648 1131//612 1130//588
f 1129//587 1125//551 1116//537
f 1116//537 1131//612 1129//587
f 1116//537 1101//512 1126//566
f 1116//537 1125//551 1100//485
f 1131//612 1116//537 1126//566
f 1100//485 1093//496 1116//537
f 1100//485 1083//451 1084//448
f 1084//448 1093//496 1100//485
f 1086//465 1093//496 1085//436
f 1084//448 1085//436 1093//496
f 1101//512 1093//496 1086//465
f 1093//496 1101//512 1116//537
f 831//1 830//14 829//7
f 828//25 831//1 829//7
f 827//1 828//25 826//21
f 831//1 828//25 827//1
f 885//269 1086//465 1085//436
f 1086//465 885//269 886//258
f 885//269 1085//436 884//273
f 1083//451 883//262 884//273
f 884//273 1084//448 1083//451
f 1085//436 1084//448 884//273
f 1143//687 1144//707 1142//697
f 1141//701 1142//697 1144//707
f 1139//689 1141//701 1140//707
f 1144//707 1140//707 1141//701
f 1144//354 831//354 827//354
f 827//354 1140//354 1144//354
f 1083//340 1136//340 1139//340
f 1129//340 1136//340 1083//340
f 883//340 1083//340 1139//340
f 1129//340 1083//340 1125//340
f 1125//340 1083//340 1100//340
f 1139//340 1140//340 827//340
f 827//340 826//340 1139//340
f 833//340 840//340 883//340
f 826//340 833//340 883//340
f 1139//340 826//340 883//340
f 869//340 883//340 844//340
f 844//340 883//340 840//340
f 886//365 834//365 830//365
f 841//365 834//365 886//365
f 1143//365 886//365 830//365
f 841//365 886//365 845//365
f 845//365 886//365 870//365
f 830//365 831//365 1144//365
f 1144//365 1143//365 830//365
f 1137//365 1130//365 1086//365
f 1143//365 1137//365 1086//365
f 886//365 1143//365 1086//365
f 1101//365 1086//365 1126//365
f 1126//365 1086//365 1130//365
f 267//218 499//218 487//218
f 487//218 265//218 267//218
f 489//1 495//1 490//1
f 490//1 492//1 491//1
f 488//1 486//1 498//1
f 489//1 488//1 496//1
f 499//1 486//1 487//1
f 495//1 492//1 490//1
f 494//1 493//1 495//1
f 489//1 496//1 495//1
f 496//1 488//1 497//1
f 497//1 488//1 498//1
f 499//1 498//1 486//1
f 493//1 492//1 495//1
f 677//365 676//365 269//365
f 269//365 270//365 677//365
f 676//353 675//353 268//353
f 268//353 269//353 676//353
f 675//365 674//362 645//363
f 268//365 675//365 645//363
f 645//363 582//363 268//365
f 582//363 498//362 499//365
f 267//365 268//365 582//363
f 499//365 267//365 582//363
f 644//404 581//355 638//397
f 493//296 638//397 581//355
f 638//397 493//296 494//311
f 639//306 638//397 494//311
f 495//386 639//306 494//311
f 670//401 667//357 644//404
f 638//397 670//401 644//404
f 639//306 672//320 671//318
f 670//401 639//306 671//318
f 670//401 638//397 639//306
f 495//386 496//387 640//319
f 640//319 639//306 495//386
f 640//319 673//406 672//320
f 640//319 496//387 497//297
f 639//306 640//319 672//320
f 497//297 498//362 641//361
f 641//361 640//319 497//297
f 582//363 641//361 498//362
f 674//362 641//361 645//363
f 582//363 645//363 641//361
f 674//362 673//406 640//319
f 640//319 641//361 674//362
f 644//404 654//410 643//352
f 654//410 644//404 667//357
f 644//404 643//352 581//355
f 492//295 493//296 581//355
f 581//355 580//352 492//295
f 643//352 580//352 581//355
f 642//407 579//341 634//396
f 486//294 634//396 579//341
f 634//396 486//294 488//309
f 635//299 634//396 488//309
f 489//384 635//299 488//309
f 650//400 648//342 642//407
f 634//396 650//400 642//407
f 635//299 652//317 651//316
f 650//400 635//299 651//316
f 650//400 634//396 635//299
f 489//384 490//385 636//349
f 636//349 635//299 489//384
f 636//349 653//394 652//317
f 636//349 490//385 491//310
f 635//299 636//349 652//317
f 492//295 637//392 491//310
f 636//349 491//310 637//392
f 580//352 637//392 492//295
f 654//410 637//392 643//352
f 580//352 643//352 637//392
f 653//394 637//392 654//410
f 637//392 653//394 636//349
f 642//407 648//342 649//340
f 649//340 579//341 642//407
f 579//341 649//340 266//340
f 579//341 265//340 487//340
f 579//341 487//340 486//294
f 266//340 265//340 579//341
f 649//353 646//353 263//353
f 263//353 266//353 649//353
f 646//340 647//340 264//340
f 264//340 263//340 646//340
f 647//354 677//354 270//354
f 270//354 264//354 647//354
f 266//1 263//1 264//1
f 268//1 265//1 266//1
f 266//1 264//1 270//1
f 269//1 268//1 270//1
f 266//1 270//1 268//1
f 265//1 268//1 267//1
f 676//707 677//707 675//707
f 649//707 675//707 677//707
f 674//707 667//707 673//707
f 654//707 667//707 674//707
f 671//707 672//707 667//707
f 667//707 670//707 671//707
f 667//707 672//707 673//707
f 648//707 674//707 675//707
f 654//707 648//707 650//707
f 646//707 649//707 647//707
f 677//707 647//707 649//707
f 654//707 674//707 648//707
f 650//707 651//707 654//707
f 652//707 653//707 654//707
f 651//707 652//707 654//707
f 649//707 648//707 675//707
f 344//707 343//707 337//670
f 329//650 321//624 322//624
f 322//624 330//650 329//650
f 321//624 313//584 314//584
f 314//584 322//624 321//624
f 337//670 329//650 330//650
f 330//650 338//670 337//670
f 305//573 297//544 298//544
f 298//544 306//573 305//573
f 289//525 281//495 282//495
f 282//495 290//525 289//525
f 281//495 273//455 274//455
f 274//455 282//495 281//495
f 297//544 289//525 290//525
f 290//525 298//544 297//544
f 313//584 305//573 306//573
f 306//573 314//584 313//584
f 338//670 345//707 344//707
f 337//670 338//670 344//707
f 273//455 257//255 258//255
f 258//255 274//455 273//455
f 257//255 245//215 246//215
f 246//215 258//255 257//255
f 237//184 229//164 230//164
f 230//164 238//184 237//184
f 229//164 221//135 222//135
f 222//135 230//164 229//164
f 245//215 237//184 238//184
f 238//184 246//215 245//215
f 213//122 205//84 206//84
f 206//84 214//122 213//122
f 197//59 189//38 190//38
f 190//38 198//59 197//59
f 182//1 189//38 181//1
f 205//84 197//59 198//59
f 198//59 206//84 205//84
f 221//135 213//122 214//122
f 214//122 222//135 221//135
f 182//1 183//1 190//38
f 189//38 182//1 190//38
f 182//1 181//1 187//37
f 195//58 203//83 204//83
f 204//83 196//58 195//58
f 203//83 211//121 212//121
f 212//121 204//83 203//83
f 187//37 195//58 196//58
f 196//58 188//37 187//37
f 219//134 227//163 228//163
f 228//163 220//134 219//134
f 235//181 243//216 244//216
f 244//216 236//181 235//181
f 243//216 255//256 256//256
f 256//256 244//216 243//216
f 227//163 235//181 236//181
f 236//181 228//163 227//163
f 211//121 219//134 220//134
f 220//134 212//121 211//121
f 188//37 183//1 182//1
f 187//37 188//37 182//1
f 255//256 271//452 272//452
f 272//452 256//256 255//256
f 271//452 279//492 280//492
f 280//492 272//452 271//452
f 287//526 295//543 296//543
f 296//543 288//526 287//526
f 295//543 303//572 304//572
f 304//572 296//543 295//543
f 279//492 287//526 288//526
f 288//526 280//492 279//492
f 311//583 319//623 320//623
f 320//623 312//583 311//583
f 327//649 335//669 336//669
f 336//669 328//649 327//649
f 344//707 335//669 343//707
f 319//623 327//649 328//649
f 328//649 320//623 319//623
f 303//572 311//583 312//583
f 312//583 304//572 303//572
f 344//707 345//707 336//669
f 335//669 344//707 336//669
f 289//353 257//353 281//353
f 281//353 257//353 273//353
f 297//353 257//353 289//353
f 321//353 329//353 337//353
f 321//353 305//353 313//353
f 257//353 305//353 219//353
f 297//353 305//353 257//353
f 321//353 255//353 305//353
f 237//353 245//353 257//353
f 237//353 257//353 229//353
f 213//353 221//353 229//353
f 213//353 229//353 257//353
f 189//353 205//353 213//353
f 197//353 205//353 189//353
f 203//353 181//353 189//353
f 213//353 203//353 189//353
f 257//353 203//353 213//353
f 255//353 321//353 337//353
f 343//353 335//353 255//353
f 327//353 303//353 335//353
f 319//353 303//353 327//353
f 335//353 303//353 255//353
f 287//353 271//353 303//353
f 295//353 287//353 303//353
f 311//353 303//353 319//353
f 279//353 271//353 287//353
f 203//353 219//353 211//353
f 195//353 187//353 203//353
f 203//353 257//353 219//353
f 203//353 187//353 181//353
f 305//353 227//353 219//353
f 227//353 255//353 235//353
f 243//353 235//353 255//353
f 227//353 305//353 255//353
f 255//353 303//353 271//353
f 337//353 343//353 255//353
f 280//354 296//354 304//354
f 296//354 280//354 288//354
f 280//354 304//354 312//354
f 320//354 336//354 345//354
f 336//354 320//354 328//354
f 280//354 320//354 246//354
f 320//354 280//354 312//354
f 280//354 230//354 220//354
f 244//354 256//354 272//354
f 236//354 244//354 228//354
f 280//354 244//354 272//354
f 280//354 228//354 244//354
f 204//354 212//354 220//354
f 196//354 204//354 188//354
f 280//354 220//354 228//354
f 230//354 204//354 220//354
f 188//354 204//354 198//354
f 320//354 345//354 338//354
f 338//354 330//354 246//354
f 330//354 322//354 314//354
f 314//354 306//354 330//354
f 290//354 306//354 298//354
f 274//354 290//354 282//354
f 306//354 290//354 274//354
f 246//354 330//354 306//354
f 306//354 274//354 246//354
f 198//354 214//354 206//354
f 190//354 183//354 198//354
f 230//354 214//354 198//354
f 188//354 198//354 183//354
f 198//354 204//354 230//354
f 214//354 230//354 222//354
f 238//354 230//354 246//354
f 246//354 230//354 280//354
f 246//354 274//354 258//354
f 246//354 320//354 338//354
f 347//707 346//707 341//670
f 333//650 325//624 326//624
f 326//624 334//650 333//650
f 325//624 317//584 318//584
f 318//584 326//624 325//624
f 341//670 333//650 334//650
f 334//650 342//670 341//670
f 309//573 301//544 302//544
f 302//544 310//573 309//573
f 293//527 285//493 286//493
f 286//493 294//527 293//527
f 285//493 277//453 278//453
f 278//453 286//493 285//493
f 301//544 293//527 294//527
f 294//527 302//544 301//544
f 317//584 309//573 310//573
f 310//573 318//584 317//584
f 342//670 348//707 347//707
f 341//670 342//670 347//707
f 262//257 278//453 277//453
f 277//453 261//257 262//257
f 261//257 249//217 250//217
f 250//217 262//257 261//257
f 241//182 233//164 234//164
f 234//164 242//182 241//182
f 233//164 225//135 226//135
f 226//135 234//164 233//164
f 249//217 241//182 242//182
f 242//182 250//217 249//217
f 217//122 209//84 210//84
f 210//84 218//122 217//122
f 201//59 193//38 194//38
f 194//38 202//59 201//59
f 185//1 193//38 184//1
f 209//84 201//59 202//59
f 202//59 210//84 209//84
f 225//135 217//122 218//122
f 218//122 226//135 225//135
f 185//1 186//1 194//38
f 193//38 185//1 194//38
f 185//1 184//1 191//37
f 207//83 208//83 200//58
f 200//58 199//58 207//83
f 207//83 215//121 216//121
f 216//121 208//83 207//83
f 191//37 199//58 200//58
f 200//58 192//37 191//37
f 223//134 231//163 232//163
f 232//163 224//134 223//134
f 239//183 247//214 248//214
f 248//214 240//183 239//183
f 259//254 260//254 248//214
f 248//214 247//214 259//254
f 231//163 239//183 240//183
f 240//183 232//163 231//163
f 215//121 223//134 224//134
f 224//134 216//121 215//121
f 192//37 186//1 185//1
f 191//37 192//37 185//1
f 259//254 275//454 276//454
f 276//454 260//254 259//254
f 275//454 283//494 284//494
f 284//494 276//454 275//454
f 291//524 299//543 300//543
f 300//543 292//524 291//524
f 299//543 307//572 308//572
f 308//572 300//543 299//543
f 283//494 291//524 292//524
f 292//524 284//494 283//494
f 315//583 323//623 324//623
f 324//623 316//583 315//583
f 339//669 340//669 332//649
f 332//649 331//649 339//669
f 347//707 339//669 346//707
f 323//623 331//649 332//649
f 332//649 324//623 323//623
f 307//572 315//583 316//583
f 316//583 308//572 307//572
f 347//707 348//707 340//669
f 339//669 347//707 340//669
f 285//353 301//353 309//353
f 301//353 285//353 293//353
f 249//353 285//353 309//353
f 333//353 323//353 325//353
f 325//353 323//353 317//353
f 317//353 315//353 309//353
f 249//353 309//353 184//353
f 333//353 341//353 331//353
f 261//353 277//353 285//353
f 241//353 249//353 233//353
f 249//353 225//353 233//353
f 261//353 285//353 249//353
f 209//353 217//353 225//353
f 193//353 201//353 184//353
f 201//353 209//353 184//353
f 225//353 184//353 209//353
f 184//353 225//353 249//353
f 339//353 341//353 346//353
f 323//353 333//353 331//353
f 315//353 317//353 323//353
f 307//353 309//353 315//353
f 299//353 184//353 307//353
f 247//353 299//353 283//353
f 291//353 283//353 299//353
f 184//353 309//353 307//353
f 283//353 275//353 247//353
f 199//353 215//353 207//353
f 191//353 223//353 215//353
f 199//353 191//353 215//353
f 184//353 231//353 191//353
f 247//353 231//353 184//353
f 191//353 231//353 223//353
f 239//353 231//353 247//353
f 247//353 184//353 299//353
f 247//353 275//353 259//353
f 339//353 331//353 341//353
f 292//354 300//354 308//354
f 292//354 248//354 284//354
f 308//354 232//354 292//354
f 332//354 302//354 324//354
f 316//354 324//354 302//354
f 316//354 286//354 308//354
f 308//354 278//354 232//354
f 332//354 340//354 334//354
f 248//354 260//354 276//354
f 248//354 292//354 240//354
f 284//354 248//354 276//354
f 232//354 240//354 292//354
f 216//354 224//354 232//354
f 192//354 200//354 194//354
f 278//354 216//354 232//354
f 210//354 208//354 216//354
f 194//354 200//354 208//354
f 342//354 340//354 348//354
f 334//354 326//354 332//354
f 326//354 318//354 332//354
f 332//354 318//354 302//354
f 294//354 316//354 302//354
f 278//354 308//354 286//354
f 286//354 316//354 294//354
f 302//354 318//354 310//354
f 210//354 216//354 278//354
f 210//354 234//354 218//354
f 208//354 202//354 194//354
f 208//354 210//354 202//354
f 192//354 194//354 186//354
f 234//354 262//354 250//354
f 218//354 234//354 226//354
f 242//354 234//354 250//354
f 234//354 210//354 278//354
f 234//354 278//354 262//354
f 342//354 334//354 340//354
f 448//699 447//704 441//646
f 446//692 441//646 447//704
f 441//646 446//692 438//642
f 432//602 435//618 438//642
f 435//618 441//646 438//642
f 439//661 449//686 448//699
f 441//646 439//661 448//699
f 435//618 429//561 433//599
f 441//646 433//599 439//661
f 441//646 435//618 433//599
f 432//602 428//564 425//533
f 425//533 435//618 432//602
f 425//533 414//528 429//561
f 425//533 428//564 413//483
f 435//618 425//533 429//561
f 413//483 407//472 425//533
f 413//483 400//450 401//468
f 401//468 407//472 413//483
f 403//441 407//472 402//435
f 401//468 402//435 407//472
f 403//441 414//528 425//533
f 425//533 407//472 403//441
f 444//702 448//699 449//686
f 449//686 445//695 444//702
f 448//699 444//702 443//702
f 443//702 447//704 448//699
f 442//688 446//692 447//704
f 447//704 443//702 442//688
f 398//438 397//434 406//503
f 396//443 406//503 397//434
f 406//503 396//443 411//514
f 411//514 426//558 424//542
f 406//503 411//514 424//542
f 406//503 424//542 427//574
f 427//574 412//473 406//503
f 412//473 399//449 398//438
f 406//503 412//473 398//438
f 431//591 427//574 424//542
f 431//591 424//542 434//626
f 434//626 424//542 426//558
f 426//558 430//594 434//626
f 442//688 440//672 436//654
f 436//654 434//626 430//594
f 442//688 443//702 440//672
f 437//633 431//591 434//626
f 434//626 440//672 445//695
f 445//695 437//633 434//626
f 445//695 440//672 444//702
f 443//702 444//702 440//672
f 440//672 434//626 436//654
f 127//274 398//438 399//449
f 399//449 128//246 127//274
f 398//438 127//274 126//274
f 126//274 397//434 398//438
f 125//263 396//443 397//434
f 397//434 126//274 125//263
f 81//9 80//4 87//62
f 79//16 87//62 80//4
f 87//62 79//16 89//67
f 95//107 93//96 89//67
f 93//96 87//62 89//67
f 90//46 82//22 81//9
f 87//62 90//46 81//9
f 93//96 100//141 96//104
f 87//62 96//104 90//46
f 87//62 93//96 96//104
f 95//107 99//144 103//169
f 103//169 93//96 95//107
f 103//169 115//191 100//141
f 103//169 99//144 114//201
f 93//96 103//169 100//141
f 125//263 121//208 114//201
f 103//169 114//201 121//208
f 126//274 121//208 125//263
f 128//246 121//208 127//274
f 126//274 127//274 121//208
f 115//191 121//208 128//246
f 121//208 115//191 103//169
f 82//22 86//28 85//6
f 85//6 81//9 82//22
f 81//9 85//6 84//6
f 84//6 80//4 81//9
f 80//4 84//6 83//20
f 83//20 79//16 80//4
f 131//271 130//275 122//198
f 129//266 122//198 130//275
f 122//198 129//266 116//194
f 101//152 104//161 116//194
f 104//161 122//198 116//194
f 117//221 132//260 131//271
f 122//198 117//221 131//271
f 104//161 98//112 102//147
f 122//198 102//147 117//221
f 122//198 104//161 102//147
f 101//152 97//115 94//91
f 94//91 104//161 101//152
f 94//91 92//70 98//112
f 94//91 97//115 91//54
f 104//161 94//91 98//112
f 83//20 88//49 91//54
f 94//91 91//54 88//49
f 84//6 88//49 83//20
f 86//28 88//49 85//6
f 84//6 85//6 88//49
f 92//70 88//49 86//28
f 88//49 92//70 94//91
f 403//441 402//435 131//271
f 131//271 132//260 403//441
f 130//275 131//271 402//435
f 402//435 401//468 130//275
f 401//468 400//450 129//266
f 129//266 130//275 401//468
f 97//353 83//353 91//353
f 83//353 97//353 101//353
f 83//353 116//353 129//353
f 83//353 101//353 116//353
f 79//353 83//353 129//353
f 95//353 89//353 79//353
f 95//353 79//353 99//353
f 79//353 114//353 99//353
f 114//353 79//353 125//353
f 125//353 79//353 129//353
f 125//353 129//353 400//353
f 413//353 446//353 400//353
f 428//353 446//353 413//353
f 438//353 446//353 432//353
f 428//353 432//353 446//353
f 442//353 400//353 446//353
f 411//353 442//353 426//353
f 411//353 396//353 442//353
f 430//353 442//353 436//353
f 426//353 442//353 430//353
f 442//353 396//353 400//353
f 125//353 400//353 396//353
f 433//354 449//354 439//354
f 449//354 433//354 429//354
f 449//354 414//354 403//354
f 449//354 429//354 414//354
f 399//354 449//354 403//354
f 431//354 437//354 445//354
f 431//354 445//354 427//354
f 445//354 412//354 427//354
f 412//354 445//354 399//354
f 399//354 445//354 449//354
f 399//354 403//354 128//354
f 117//354 86//354 132//354
f 102//354 86//354 117//354
f 92//354 86//354 98//354
f 102//354 98//354 86//354
f 128//354 132//354 86//354
f 115//354 82//354 100//354
f 115//354 128//354 82//354
f 96//354 82//354 90//354
f 100//354 82//354 96//354
f 82//354 128//354 86//354
f 403//354 132//354 128//354

usemtl e04a8809_3463_479b_8469_9a66993b63bc
f 618//314 621//328 587//324
f 624//347 627//370 587//324
f 624//347 587//324 621//328
f 604//333 615//321 618//314
f 604//333 607//347 609//347
f 604//333 612//347 615//321
f 618//314 587//324 604//333
f 609//347 612//347 604//333
f 552//345 535//328 604//333
f 604//333 587//324 552//345
f 595//383 627//370 599//372
f 630//332 602//332 599//372
f 599//372 627//370 630//332
f 602//332 630//332 511//332
f 511//332 541//332 602//332
f 627//370 595//383 590//339
f 627//370 590//339 587//324
f 530//347 533//347 535//328
f 521//344 535//328 552//345
f 527//347 530//347 535//328
f 527//347 535//328 524//328
f 535//328 521//344 524//328
f 515//347 552//345 508//335
f 515//347 518//373 552//345
f 552//345 518//373 521//344
f 508//335 548//329 543//331
f 548//329 508//335 552//345
f 538//369 508//335 543//331
f 541//332 511//332 508//335
f 508//335 538//369 541//332
f 605//432 536//277 537//277
f 537//277 606//432 605//432
f 604//432 535//277 536//277
f 536//277 605//432 604//432
f 626//308 606//367 629//315
f 623//313 606//367 626//308
f 623//313 620//377 606//367
f 617//382 606//367 620//377
f 537//336 510//388 629//315
f 629//315 606//367 537//336
f 614//359 611//359 606//367
f 606//367 617//382 614//359
f 606//367 611//359 608//359
f 629//315 510//388 512//359
f 512//359 631//359 629//315
f 537//336 523//327 520//378
f 537//336 520//378 517//390
f 510//388 537//336 517//390
f 537//336 534//359 532//359
f 526//322 537//336 529//359
f 532//359 529//359 537//336
f 526//322 523//327 537//336
f 631//353 512//353 513//353
f 513//353 632//353 631//353
f 632//365 513//365 514//365
f 514//365 633//365 632//365
f 633//354 514//354 511//354
f 511//354 630//354 633//354
f 540//375 546//398 554//389
f 589//326 540//375 554//389
f 554//389 546//398 551//405
f 540//375 601//379 603//348
f 603//348 542//348 540//375
f 598//334 601//379 589//326
f 540//375 589//326 601//379
f 598//334 589//326 594//312
f 541//707 538//676 539//656
f 540//668 542//707 539//656
f 541//707 539//656 542//707
f 542//346 603//346 602//346
f 602//346 541//346 542//346
f 603//1 600//51 599//40
f 599//40 602//1 603//1
f 603//1 601//32 600//51
f 512//1 511//1 514//1
f 514//1 513//1 512//1
f 512//1 509//3 508//3
f 509//3 512//1 510//3
f 508//3 511//1 512//1
f 531//186 532//185 534//230
f 534//230 537//277 536//277
f 532//185 531//186 529//158
f 536//277 533//219 534//230
f 531//186 528//158 529//158
f 526//129 529//158 528//158
f 528//158 531//186 530//187
f 530//187 527//158 528//158
f 534//230 533//219 531//186
f 523//98 522//98 520//73
f 523//98 526//129 525//129
f 519//73 517//41 520//73
f 517//41 516//41 510//3
f 522//98 523//98 525//129
f 525//129 526//129 528//158
f 525//129 528//158 527//158
f 535//277 533//219 536//277
f 533//219 530//187 531//186
f 525//129 524//129 522//98
f 527//158 524//129 525//129
f 519//73 522//98 521//98
f 521//98 518//73 519//73
f 524//129 521//98 522//98
f 517//41 519//73 516//41
f 519//73 518//73 516//41
f 509//3 516//41 515//41
f 515//41 508//3 509//3
f 510//3 516//41 509//3
f 520//73 522//98 519//73
f 516//41 518//73 515//41
f 629//705 631//707 628//705
f 627//705 628//705 631//707
f 630//707 631//707 632//707
f 632//707 633//707 630//707
f 627//705 631//707 630//707
f 610//522 609//523 607//478
f 607//478 604//432 605//432
f 609//523 610//522 612//548
f 605//432 608//490 607//478
f 610//522 613//548 612//548
f 615//578 612//548 613//548
f 613//548 610//522 611//521
f 607//478 608//490 610//522
f 618//608 619//608 621//635
f 618//608 615//578 616//578
f 622//635 624//665 621//635
f 624//665 625//665 627//705
f 619//608 618//608 616//578
f 616//578 615//578 613//548
f 616//578 613//548 614//548
f 606//432 608//490 605//432
f 608//490 611//521 610//522
f 616//578 617//578 619//608
f 614//548 617//578 616//578
f 611//521 614//548 613//548
f 622//635 619//608 620//608
f 617//578 620//608 619//608
f 624//665 622//635 625//665
f 622//635 623//635 625//665
f 625//665 629//705 628//705
f 627//705 625//665 628//705
f 621//635 619//608 622//635
f 622//635 620//608 623//635
f 625//665 626//665 629//705
f 625//665 623//635 626//665
f 588//213 553//479 552//360
f 552//360 587//238 588//213
f 589//233 554//471 553//479
f 553//479 588//213 589//233
f 554//471 551//531 553//479
f 553//360 554//477 552//477
f 553//479 551//531 549//569
f 549//569 548//568 552//520
f 552//520 553//479 549//569
f 554//477 553//505 552//477
f 546//613 549//569 551//531
f 540//668 539//656 546//613
f 544//607 549//569 546//613
f 549//569 544//607 543//605
f 548//568 549//569 543//605
f 539//656 543//605 544//607
f 546//613 539//656 544//607
f 539//656 538//676 543//605
f 587//238 590//206 588//213
f 588//213 590//137 591//177
f 591//177 594//157 588//213
f 595//136 591//177 590//137
f 599//40 600//51 595//64
f 596//99 591//177 595//64
f 591//177 598//101 594//157
f 589//233 588//213 594//157
f 596//99 598//101 591//177
f 600//51 598//101 596//99
f 595//64 600//51 596//99
f 600//51 601//32 598//101

usemtl b177267a_1260_4ca7_a97f_50f767cb6183
f 44//358 9//356 11//358
f 9//356 44//358 42//356
f 5//350 8//351 33//351
f 33//351 29//350 5//350
f 31//250 252//354 32//276
f 252//354 254//354 43//276
f 43//276 32//276 252//354
f 46//251 43//276 254//354
f 252//707 251//707 253//707
f 253//707 254//707 252//707
f 251//353 30//353 45//353
f 45//353 253//353 251//353
f 30//707 29//707 44//707
f 44//707 45//707 30//707
f 33//707 42//707 29//707
f 42//707 44//707 29//707
f 42//356 33//351 8//351
f 8//351 9//356 42//356
f 5//1 6//12 7//5
f 5//1 9//1 8//1
f 10//5 5//1 7//5
f 11//1 10//5 12//18
f 11//1 9//1 5//1
f 10//5 11//1 5//1
f 32//276 43//276 28//228
f 46//251 28//228 43//276
f 28//228 46//251 27//189
f 27//189 20//156 21//172
f 28//228 27//189 21//172
f 28//228 21//172 19//132
f 19//132 26//232 28//228
f 28//228 31//250 32//276
f 28//228 26//232 31//250
f 17//110 19//132 21//172
f 17//110 21//172 16//82
f 16//82 21//172 20//156
f 20//156 18//109 16//82
f 12//18 13//36 15//53
f 15//53 16//82 18//109
f 12//18 10//5 13//36
f 14//74 17//110 16//82
f 16//82 13//36 6//12
f 6//12 14//74 16//82
f 6//12 13//36 7//5
f 10//5 7//5 13//36
f 13//36 16//82 15//53
f 46//365 45//365 27//365
f 45//365 20//365 27//365
f 18//365 20//365 45//365
f 46//365 254//365 253//365
f 253//365 45//365 46//365
f 15//365 18//365 45//365
f 44//365 11//365 12//365
f 12//365 45//365 44//365
f 12//365 15//365 45//365
f 5//340 29//340 30//340
f 30//340 6//340 5//340
f 30//340 17//340 14//340
f 252//340 30//340 251//340
f 30//340 14//340 6//340
f 30//340 31//340 26//340
f 30//340 26//340 19//340
f 19//340 17//340 30//340
f 252//340 31//340 30//340
f 905//1 904//1 911//37
f 919//58 927//83 928//83
f 928//83 920//58 919//58
f 927//83 935//121 936//121
f 936//121 928//83 927//83
f 911//37 919//58 920//58
f 920//58 912//37 911//37
f 943//134 951//163 952//163
f 952//163 944//134 943//134
f 959//183 967//214 968//214
f 968//214 960//183 959//183
f 967//214 975//254 976//254
f 976//254 968//214 967//214
f 951//163 959//183 960//183
f 960//183 952//163 951//163
f 935//121 943//134 944//134
f 944//134 936//121 935//121
f 912//37 906//1 905//1
f 911//37 912//37 905//1
f 975//254 991//454 992//454
f 992//454 976//254 975//254
f 991//454 1003//494 1004//494
f 1004//494 992//454 991//454
f 1011//524 1019//543 1020//543
f 1020//543 1012//524 1011//524
f 1019//543 1027//572 1028//572
f 1028//572 1020//543 1019//543
f 1003//494 1011//524 1012//524
f 1012//524 1004//494 1003//494
f 1035//583 1043//623 1044//623
f 1044//623 1036//583 1035//583
f 1051//649 1059//669 1060//669
f 1060//669 1052//649 1051//649
f 1067//707 1059//669 1066//707
f 1043//623 1051//649 1052//649
f 1052//649 1044//623 1043//623
f 1027//572 1035//583 1036//583
f 1036//583 1028//572 1027//572
f 1067//707 1068//707 1060//669
f 1059//669 1067//707 1060//669
f 1067//707 1066//707 1061//670
f 1053//650 1045//624 1046//624
f 1046//624 1054//650 1053//650
f 1045//624 1037//584 1038//584
f 1038//584 1046//624 1045//624
f 1061//670 1053//650 1054//650
f 1054//650 1062//670 1061//670
f 1029//573 1021//544 1022//544
f 1022//544 1030//573 1029//573
f 1013//527 1005//493 1006//493
f 1006//493 1014//527 1013//527
f 1005//493 993//453 994//453
f 994//453 1006//493 1005//493
f 1021//544 1013//527 1014//527
f 1014//527 1022//544 1021//544
f 1037//584 1029//573 1030//573
f 1030//573 1038//584 1037//584
f 1062//670 1068//707 1067//707
f 1061//670 1062//670 1067//707
f 993//453 977//257 978//257
f 978//257 994//453 993//453
f 977//257 969//217 970//217
f 970//217 978//257 977//257
f 961//182 953//164 954//164
f 954//164 962//182 961//182
f 953//164 945//135 946//135
f 946//135 954//164 953//164
f 969//217 961//182 962//182
f 962//182 970//217 969//217
f 937//122 929//84 930//84
f 930//84 938//122 937//122
f 921//59 913//38 914//38
f 914//38 922//59 921//59
f 905//1 913//38 904//1
f 929//84 921//59 922//59
f 922//59 930//84 929//84
f 945//135 937//122 938//122
f 938//122 946//135 945//135
f 905//1 906//1 914//38
f 913//38 905//1 914//38
f 959//353 991//353 967//353
f 975//353 967//353 991//353
f 1053//353 1043//353 959//353
f 927//353 919//353 911//353
f 951//353 927//353 911//353
f 927//353 951//353 935//353
f 935//353 951//353 943//353
f 951//353 1021//353 959//353
f 1035//353 1027//353 1003//353
f 1011//353 1003//353 1019//353
f 1027//353 1019//353 1003//353
f 1003//353 991//353 959//353
f 1043//353 1035//353 1003//353
f 1051//353 1043//353 1059//353
f 1066//353 1059//353 1043//353
f 959//353 1043//353 1003//353
f 1066//353 1043//353 1053//353
f 1013//353 951//353 911//353
f 929//353 904//353 913//353
f 913//353 921//353 929//353
f 953//353 904//353 929//353
f 953//353 937//353 945//353
f 961//353 977//353 953//353
f 977//353 911//353 953//353
f 937//353 953//353 929//353
f 961//353 969//353 977//353
f 1037//353 1021//353 1029//353
f 1045//353 1053//353 1021//353
f 1037//353 1045//353 1021//353
f 1066//353 1053//353 1061//353
f 1005//353 977//353 993//353
f 1053//353 959//353 1021//353
f 1005//353 1013//353 977//353
f 951//353 1013//353 1021//353
f 911//353 977//353 1013//353
f 904//353 953//353 911//353
f 962//354 954//354 946//354
f 946//354 970//354 962//354
f 1014//354 970//354 946//354
f 922//354 914//354 906//354
f 946//354 930//354 922//354
f 946//354 922//354 906//354
f 946//354 938//354 930//354
f 946//354 928//354 1014//354
f 1014//354 994//354 978//354
f 1006//354 994//354 1014//354
f 1030//354 1022//354 1014//354
f 1014//354 978//354 970//354
f 1046//354 1038//354 1030//354
f 1054//354 1046//354 1062//354
f 1014//354 1046//354 1030//354
f 1062//354 1046//354 1052//354
f 1044//354 1046//354 1014//354
f 906//354 928//354 946//354
f 928//354 906//354 920//354
f 1004//354 1014//354 928//354
f 1004//354 928//354 936//354
f 936//354 952//354 960//354
f 936//354 968//354 1004//354
f 968//354 936//354 960//354
f 936//354 944//354 952//354
f 976//354 992//354 968//354
f 1044//354 1028//354 1036//354
f 1068//354 1062//354 1060//354
f 1044//354 1052//354 1046//354
f 1062//354 1052//354 1060//354
f 1044//354 1014//354 1020//354
f 1044//354 1020//354 1028//354
f 1012//354 1020//354 1004//354
f 1004//354 1020//354 1014//354
f 1004//354 968//354 992//354
f 920//354 906//354 912//354
f 902//1 901//1 907//37
f 915//58 923//83 924//83
f 924//83 916//58 915//58
f 923//83 931//121 932//121
f 932//121 924//83 923//83
f 907//37 915//58 916//58
f 916//58 908//37 907//37
f 939//134 947//163 948//163
f 948//163 940//134 939//134
f 955//181 963//216 964//216
f 964//216 956//181 955//181
f 963//216 971//256 972//256
f 972//256 964//216 963//216
f 947//163 955//181 956//181
f 956//181 948//163 947//163
f 931//121 939//134 940//134
f 940//134 932//121 931//121
f 908//37 903//1 902//1
f 907//37 908//37 902//1
f 971//256 987//452 988//452
f 988//452 972//256 971//256
f 987//452 999//492 1000//492
f 1000//492 988//452 987//452
f 1007//526 1015//543 1016//543
f 1016//543 1008//526 1007//526
f 1015//543 1023//572 1024//572
f 1024//572 1016//543 1015//543
f 999//492 1007//526 1008//526
f 1008//526 1000//492 999//492
f 1031//583 1039//623 1040//623
f 1040//623 1032//583 1031//583
f 1047//649 1055//669 1056//669
f 1056//669 1048//649 1047//649
f 1064//707 1055//669 1063//707
f 1039//623 1047//649 1048//649
f 1048//649 1040//623 1039//623
f 1023//572 1031//583 1032//583
f 1032//583 1024//572 1023//572
f 1064//707 1065//707 1056//669
f 1055//669 1064//707 1056//669
f 1064//707 1063//707 1057//670
f 1041//624 1042//624 1050//650
f 1050//650 1049//650 1041//624
f 1041//624 1033//584 1034//584
f 1034//584 1042//624 1041//624
f 1057//670 1049//650 1050//650
f 1050//650 1058//670 1057//670
f 1025//573 1017//544 1018//544
f 1018//544 1026//573 1025//573
f 1009//525 1001//495 1002//495
f 1002//495 1010//525 1009//525
f 989//455 990//455 1002//495
f 1002//495 1001//495 989//455
f 1017//544 1009//525 1010//525
f 1010//525 1018//544 1017//544
f 1033//584 1025//573 1026//573
f 1026//573 1034//584 1033//584
f 1058//670 1065//707 1064//707
f 1057//670 1058//670 1064//707
f 989//455 973//255 974//255
f 974//255 990//455 989//455
f 973//255 965//215 966//215
f 966//215 974//255 973//255
f 957//184 949//164 950//164
f 950//164 958//184 957//184
f 949//164 941//135 942//135
f 942//135 950//164 949//164
f 965//215 957//184 958//184
f 958//184 966//215 965//215
f 933//122 925//84 926//84
f 926//84 934//122 933//122
f 909//38 910//38 918//59
f 918//59 917//59 909//38
f 902//1 909//38 901//1
f 925//84 917//59 918//59
f 918//59 926//84 925//84
f 941//135 933//122 934//122
f 934//122 942//135 941//135
f 902//1 903//1 910//38
f 909//38 902//1 910//38
f 947//353 971//353 955//353
f 955//353 971//353 963//353
f 939//353 971//353 947//353
f 915//353 925//353 923//353
f 931//353 923//353 925//353
f 931//353 1063//353 939//353
f 1063//353 999//353 939//353
f 917//353 915//353 907//353
f 999//353 987//353 939//353
f 1007//353 999//353 1015//353
f 999//353 1023//353 1015//353
f 939//353 987//353 971//353
f 1039//353 1031//353 1023//353
f 1047//353 1039//353 1055//353
f 1039//353 1063//353 1055//353
f 1063//353 1023//353 999//353
f 1023//353 1063//353 1039//353
f 909//353 907//353 901//353
f 925//353 915//353 917//353
f 933//353 931//353 925//353
f 933//353 1063//353 931//353
f 949//353 1001//353 941//353
f 1001//353 949//353 965//353
f 957//353 965//353 949//353
f 1063//353 933//353 941//353
f 1001//353 965//353 973//353
f 1041//353 1025//353 1033//353
f 1041//353 1057//353 1025//353
f 1049//353 1057//353 1041//353
f 1063//353 1025//353 1057//353
f 1063//353 1001//353 1025//353
f 1017//353 1025//353 1009//353
f 1001//353 1009//353 1025//353
f 1001//353 1063//353 941//353
f 1001//353 973//353 989//353
f 909//353 917//353 907//353
f 950//354 1010//354 958//354
f 958//354 990//354 966//354
f 1026//354 950//354 1048//354
f 918//354 948//354 926//354
f 948//354 934//354 926//354
f 942//354 934//354 964//354
f 950//354 942//354 964//354
f 910//354 916//354 918//354
f 1010//354 950//354 1018//354
f 1002//354 990//354 1010//354
f 1010//354 990//354 958//354
f 990//354 974//354 966//354
f 1048//354 1050//354 1034//354
f 1042//354 1034//354 1050//354
f 1026//354 1018//354 950//354
f 1048//354 1034//354 1026//354
f 1058//354 1050//354 1056//354
f 908//354 910//354 903//354
f 918//354 916//354 924//354
f 924//354 932//354 918//354
f 932//354 940//354 918//354
f 956//354 934//354 948//354
f 1048//354 950//354 964//354
f 964//354 934//354 956//354
f 918//354 940//354 948//354
f 972//354 1048//354 964//354
f 1040//354 1016//354 1032//354
f 1065//354 1058//354 1056//354
f 972//354 1040//354 1048//354
f 1056//354 1050//354 1048//354
f 972//354 1000//354 1016//354
f 1032//354 1016//354 1024//354
f 1008//354 1016//354 1000//354
f 1016//354 1040//354 972//354
f 1000//354 972//354 988//354
f 916//354 910//354 908//354

usemtl bfd02370_5685_4959_b496_f35a94f1e7b2
f 560//85 564//85 563//85
f 563//85 559//85 560//85
f 564//579 566//579 565//579
f 565//579 563//579 564//579
f 566//619 562//619 561//619
f 561//619 565//619 566//619
f 562//88 556//88 555//88
f 555//88 561//88 562//88
f 556//126 558//126 557//126
f 557//126 555//126 556//126
f 558//620 560//620 559//620
f 559//620 557//620 558//620
f 566//359 560//359 562//359
f 556//359 562//359 560//359
f 564//359 560//359 566//359
f 556//359 560//359 558//359
f 565//347 561//347 559//347
f 555//347 559//347 561//347
f 563//347 565//347 559//347
f 555//347 557//347 559//347

usemtl b177267a_1260_4ca7_a97f_50f767cb6183
f 745//1 744//1 742//1
f 742//1 743//1 745//1
f 744//353 1226//353 1224//353
f 1224//353 742//353 744//353
f 1226//707 1227//707 1225//707
f 1225//707 1224//707 1226//707
f 1227//354 745//354 743//354
f 743//354 1225//354 1227//354
f 1224//340 1225//340 743//340
f 743//340 742//340 1224//340
f 744//365 745//365 1227//365
f 1227//365 1226//365 744//365

usemtl bfd02370_5685_4959_b496_f35a94f1e7b2
f 578//622 574//622 573//622
f 573//622 577//622 578//622
f 574//125 572//125 571//125
f 571//125 573//125 574//125
f 572//86 576//86 575//86
f 575//86 571//86 572//86
f 576//621 586//621 585//621
f 585//621 575//621 576//621
f 586//580 584//580 583//580
f 583//580 585//580 586//580
f 584//87 578//87 577//87
f 577//87 583//87 584//87
f 572//359 574//359 578//359
f 576//359 578//359 586//359
f 584//359 586//359 578//359
f 572//359 578//359 576//359
f 571//347 577//347 573//347
f 575//347 585//347 577//347
f 583//347 577//347 585//347
f 571//347 575//347 577//347

usemtl b177267a_1260_4ca7_a97f_50f767cb6183
f 1203//350 1240//351 1237//350
f 1240//351 1203//350 1207//351
f 1243//358 1241//356 1216//356
f 1216//356 1218//358 1243//358
f 1220//459 998//354 1217//433
f 998//354 996//354 1206//433
f 1206//433 1217//433 998//354
f 1205//458 1206//433 996//354
f 998//1 997//1 995//1
f 995//1 996//1 998//1
f 997//353 1219//353 1204//353
f 1204//353 995//353 997//353
f 1219//1 1218//1 1203//1
f 1203//1 1204//1 1219//1
f 1216//1 1207//1 1218//1
f 1207//1 1203//1 1218//1
f 1207//351 1216//356 1241//356
f 1241//356 1240//351 1207//351
f 1243//707 1244//696 1242//703
f 1243//707 1240//707 1241//707
f 1239//703 1243//707 1242//703
f 1237//707 1239//703 1238//690
f 1237//707 1240//707 1243//707
f 1239//703 1237//707 1243//707
f 1217//433 1206//433 1221//480
f 1205//458 1221//480 1206//433
f 1221//480 1205//458 1222//519
f 1222//519 1229//549 1228//536
f 1221//480 1222//519 1228//536
f 1221//480 1228//536 1230//575
f 1230//575 1223//476 1221//480
f 1221//480 1220//459 1217//433
f 1221//480 1223//476 1220//459
f 1232//596 1230//575 1228//536
f 1232//596 1228//536 1233//625
f 1233//625 1228//536 1229//549
f 1229//549 1231//597 1233//625
f 1238//690 1236//671 1234//655
f 1234//655 1233//625 1231//597
f 1238//690 1239//703 1236//671
f 1235//634 1232//596 1233//625
f 1233//625 1236//671 1244//696
f 1244//696 1235//634 1233//625
f 1244//696 1236//671 1242//703
f 1239//703 1242//703 1236//671
f 1236//671 1233//625 1234//655
f 1205//340 1204//340 1222//340
f 1204//340 1229//340 1222//340
f 1231//340 1229//340 1204//340
f 1205//340 996//340 995//340
f 995//340 1204//340 1205//340
f 1234//340 1231//340 1204//340
f 1203//340 1237//340 1238//340
f 1238//340 1204//340 1203//340
f 1238//340 1234//340 1204//340
f 1243//365 1218//365 1219//365
f 1219//365 1244//365 1243//365
f 1219//365 1232//365 1235//365
f 998//365 1219//365 997//365
f 1219//365 1235//365 1244//365
f 1219//365 1220//365 1223//365
f 1219//365 1223//365 1230//365
f 1230//365 1232//365 1219//365
f 998//365 1220//365 1219//365

# Elements End

# endsolid Furniture_Office-Desks-Tables_Lavoro-Design_Advance-1200-x-700mm-Dual-Motor-Desk
